,name,artist
0,Somebody That I Used to Know,Gotye
1,Call Me Maybe,Carly Rae Jepsen
2,We Are Young,Fun
3,Payphone,Maroon 5
4,Lights,Ellie Goulding
5,Glad You Came,The Wanted
6,Stronger (What Doesn't Kill You),Kelly Clarkson
7,We Found Love,Rihanna
8,Starships,Nicki Minaj
9,What Makes You Beautiful,One Direction
10,Wild Ones,Flo Rida
11,Set Fire to the Rain,Adele
12,Sexy and I Know It,LMFAO
13,Some Nights,Fun
14,Wide Awake,Katy Perry
15,Good Feeling,Flo Rida
16,Whistle,Flo Rida
17,One More Night,Maroon 5
18,Drive By,Train
19,The Motto,Drake
20,Where Have You Been,Rihanna
21,Everybody Talks,Neon Trees
22,Take Care,Drake
23,Titanium,David Guetta
24,I Won't Give Up,Jason Mraz
25,It Will Rain,Bruno Mars
26,Mercy,Kanye West
27,Boyfriend,Justin Bieber
28,Party Rock Anthem,LMFAO
29,Too Close,Alex Clare
30,Part of Me,Katy Perry
31,"Young, Wild & Free",Snoop Dogg
32,We Are Never Ever Getting Back Together,Taylor Swift
33,As Long as You Love Me,Justin Bieber
34,Turn Me On,David Guetta
35,Moves like Jagger,Maroon 5
36,Blow Me (One Last Kiss),Pink
37,Good Time,Owl City
38,Give Your Heart a Break,Demi Lovato
39,Niggas in Paris,Jay-Z
40,The One That Got Away,Katy Perry
41,Feel So Close,Calvin Harris
42,Someone like You,Adele
43,Scream,Usher
44,Rack City,Tyga
45,Domino,Jessie J
46,Gangnam Style,Psy
47,International Love,Pitbull
48,Home,Phillip Phillips
49,Without You,David Guetta
50,Ass Back Home,Gym Class Heroes
51,Wanted,Hunter Hayes
52,Drunk on You,Luke Bryan
53,No Lie,2 Chainz
54,Want U Back,Cher Lloyd
55,Don't Wake Me Up,Chris Brown
56,Dance (A$$),Big Sean
57,Springsteen,Eric Church
58,Brokenhearted,Karmin
59,Not Over You,Gavin DeGraw
60,Stereo Hearts,Gym Class Heroes
61,Back in Time,Pitbull
62,Work Out,J. Cole
63,Rumour Has It,Adele
64,Let's Go,Calvin Harris
65,Good Girl,Carrie Underwood
66,Pontoon,Little Big Town
67,Ho Hey,The Lumineers
68,Paradise,Coldplay
69,Blown Away,Carrie Underwood
70,Rolling in the Deep,Adele
71,Climax,Usher
72,"Work Hard, Play Hard",Wiz Khalifa
73,Let Me Love You (Until You Learn to Love Yourself),Ne-Yo
74,Pound the Alarm,Nicki Minaj
75,Come Over,Kenny Chesney
76,Heart Attack,Trey Songz
77,Drank in My Cup,Kirko Bangz
78,Birthday Cake,Rihanna
79,So Good,B.o.B
80,50 Ways to Say Goodbye,Train
81,Red Solo Cup,Toby Keith
82,Love You Like a Love Song,Selena Gomez & the Scene
83,Turn Up the Music,Chris Brown
84,Die Young,Kesha
85,5 O'Clock,T-Pain
86,A Thousand Years,Christina Perri
87,Take a Little Ride,Jason Aldean
88,You da One,Rihanna
89,We Run the Night,Havana Brown
90,It's Time,Imagine Dragons
91,Cashin' Out,Cash Out
92,I Don't Want This Night to End,Luke Bryan
93,Diamonds,Rihanna
94,Hard to Love,Lee Brice
95,Somethin' 'Bout a Truck,Kip Moore
96,Adorn,Miguel
97,Fly Over States,Jason Aldean
98,Even If It Breaks Your Heart,Eli Young Band
99,Burn It Down,Linkin Park
100,Thrift Shop,Macklemore & Ryan Lewis
101,Blurred Lines,Robin Thicke
102,Radioactive,Imagine Dragons
103,Harlem Shake,Baauer
104,Can't Hold Us,Macklemore & Ryan Lewis
105,Mirrors,Justin Timberlake
106,Just Give Me a Reason,Pink
107,When I Was Your Man,Bruno Mars
108,Cruise,Florida Georgia Line
109,Roar,Katy Perry
110,Locked Out of Heaven,Bruno Mars
111,Ho Hey,The Lumineers
112,Stay,Rihanna
113,Get Lucky,Daft Punk
114,Royals,Lorde
115,I Knew You Were Trouble,Taylor Swift
116,We Can't Stop,Miley Cyrus
117,Wrecking Ball,Miley Cyrus
118,Wake Me Up,Avicii
119,Suit & Tie,Justin Timberlake
120,Cups (Pitch Perfect's When I'm Gone),Anna Kendrick
121,Holy Grail,Jay-Z
122,Scream & Shout,will.i.am
123,Clarity,Zedd
124,Sail,Awolnation
125,Don't You Worry Child,Swedish House Mafia
126,Diamonds,Rihanna
127,I Love It,Icona Pop
128,Safe and Sound,Capital Cities
129,Treasure,Bruno Mars
130,The Way,Ariana Grande
131,Started from the Bottom,Drake
132,Come & Get It,Selena Gomez
133,"Hold On, We're Going Home",Drake
134,Daylight,Maroon 5
135,Feel This Moment,Pitbull
136,Applause,Lady Gaga
137,One More Night,Maroon 5
138,Love Me,Lil Wayne
139,My Songs Know What You Did in the Dark (Light Em Up),Fall Out Boy
140,Fuckin' Problems,ASAP Rocky
141,Beauty and a Beat,Justin Bieber
142,Same Love,Macklemore & Ryan Lewis
143,Sweet Nothing,Calvin Harris
144,Summertime Sadness,Lana Del Rey
145,Home,Phillip Phillips
146,It's Time,Imagine Dragons
147,Power Trip,J. Cole
148,Girl on Fire,Alicia Keys
149,Heart Attack,Demi Lovato
150,Love Somebody,Maroon 5
151,I Will Wait,Mumford & Sons
152,Try,Pink
153,Wagon Wheel,Darius Rucker
154,Gangnam Style,Psy
155,I Need Your Love,Calvin Harris
156,Die Young,Kesha
157,Some Nights,Fun
158,Bad,Wale
159,Boys 'Round Here,Blake Shelton
160,"Gone, Gone, Gone",Phillip Phillips
161,Demons,Imagine Dragons
162,Counting Stars,OneRepublic
163,I Cry,Flo Rida
164,Little Talks,Of Monsters and Men
165,The Other Side,Jason Derulo
166,Berzerk,Eminem
167,Catch My Breath,Kelly Clarkson
168,Crash My Party,Luke Bryan
169,Pour It Up,Rihanna
170,22,Taylor Swift
171,I Want Crazy,Hunter Hayes
172,The Fox (What Does the Fox Say?),Ylvis
173,Best Song Ever,One Direction
174,The A Team,Ed Sheeran
175,Carry On,Fun
176,Highway Don't Care,Tim McGraw
177,That's My Kind of Night,Luke Bryan
178,Swimming Pools (Drank),Kendrick Lamar
179,Sure Be Cool If You Did,Blake Shelton
180,#Beautiful,Mariah Carey
181,Troublemaker,Olly Murs
182,Body Party,Ciara
183,Adorn,Miguel
184,Hall of Fame,The Script
185,Let Me Love You (Until You Learn to Love Yourself),Ne-Yo
186,U.O.E.N.O.,Rocko
187,Next to Me,Emeli Sandé
188,Mama's Broken Heart,Miranda Lambert
189,It Goes Like This,Thomas Rhett
190,Bugatti,Ace Hood
191,Wanted,Hunter Hayes
192,Downtown,Lady Antebellum
193,Get Your Shine On,Florida Georgia Line
194,#thatPower,will.i.am
195,Brave,Sara Bareilles
196,Let Her Go,Passenger
197,Runnin' Outta Moonlight,Randy Houser
198,I'm Different,2 Chainz
199,Still Into You,Paramore
200,Happy,Pharrell Williams
201,Dark Horse,Katy Perry
202,All of Me,John Legend
203,Fancy,Iggy Azalea
204,Counting Stars,OneRepublic
205,Talk Dirty,Jason Derulo
206,Rude,Magic!
207,All About That Bass,Meghan Trainor
208,Problem,Ariana Grande
209,Stay with Me,Sam Smith
210,Timber,Pitbull
211,Pompeii,Bastille
212,Shake It Off,Taylor Swift
213,Am I Wrong,Nico & Vinz
214,Turn Down for What,DJ Snake & Lil Jon
215,The Monster,Eminem
216,Say Something,A Great Big World & Christina Aguilera
217,Team,Lorde
218,Let Her Go,Passenger
219,Royals,Lorde
220,Let It Go,Idina Menzel
221,Wake Me Up,Avicii
222,Demons,Imagine Dragons
223,Story of My Life,One Direction
224,Chandelier,Sia
225,Black Widow,Iggy Azalea
226,Bang Bang,Jessie J & Ariana Grande & Nicki Minaj
227,Latch,Disclosure
228,Maps,Maroon 5
229,Loyal,Chris Brown
230,Best Day of My Life,American Authors
231,Habits (Stay High),Tove Lo
232,Summer,Calvin Harris
233,Boom Clap,Charli XCX
234,Drunk in Love,Beyoncé
235,Anaconda,Nicki Minaj
236,Break Free,Ariana Grande
237,Bailando,Enrique Iglesias
238,Burn,Ellie Goulding
239,Wiggle,Jason Derulo
240,Rather Be,Clean Bandit
241,Don't Tell 'Em,Jeremih
242,Show Me,Kid Ink
243,Wrecking Ball,Miley Cyrus
244,Not a Bad Thing,Justin Timberlake
245,Roar,Katy Perry
246,Ain't It Fun,Paramore
247,The Man,Aloe Blacc
248,This Is How We Roll,Florida Georgia Line
249,Classic,MKTO
250,A Sky Full of Stars,Coldplay
251,Don't,Ed Sheeran
252,Na Na,Trey Songz
253,Hot Boy,Bobby Shmurda
254,"Hold On, We're Going Home",Drake
255,Sing,Ed Sheeran
256,Radioactive,Imagine Dragons
257,My Hitta,YG
258,Cool Kids,Echosmith
259,Hey Brother,Avicii
260,Trumpets,Jason Derulo
261,Animals,Maroon 5
262,Burnin' It Down,Jason Aldean
263,Play It Again,Luke Bryan
264,2 On,Tinashe
265,Dirt,Florida Georgia Line
266,Love Runs Out,OneRepublic
267,Bottoms Up,Brantley Gilbert
268,Shower,Becky G
269,Me and My Broken Heart,Rixton
270,Animals,Martin Garrix
271,Lifestyle,Rich Gang
272,American Kids,Kenny Chesney
273,Brave,Sara Bareilles
274,Sweater Weather,The Neighbourhood
275,Leave the Night On,Sam Hunt
276,New Flame,Chris Brown
277,Love Never Felt So Good,Michael Jackson & Justin Timberlake
278,Drunk on a Plane,Dierks Bentley
279,Birthday,Katy Perry
280,Bartender,Lady Antebellum
281,La La La,Naughty Boy
282,Blurred Lines,Robin Thicke
283,Do What U Want,Lady Gaga
284,Can't Remember to Forget You,Shakira
285,Amnesia,5 Seconds of Summer
286,No Mediocre,T.I.
287,Come with Me Now,KONGOS
288,Believe Me,Lil Wayne
289,23,Mike WiLL Made-It
290,Beachin',Jake Owen
291,White Walls,Macklemore & Ryan Lewis
292,She Looks So Perfect,5 Seconds of Summer
293,Stay the Night,Zedd
294,Partition,Beyoncé
295,Studio,ScHoolboy Q
296,0 to 100 / The Catch Up,Drake
297,I Don't Dance,Lee Brice
298,Somethin' Bad,Miranda Lambert & Carrie Underwood
299,Adore You,Miley Cyrus
300,Uptown Funk,Mark Ronson
301,Thinking Out Loud,Ed Sheeran
302,See You Again,Wiz Khalifa
303,Trap Queen,Fetty Wap
304,Sugar,Maroon 5
305,Shut Up and Dance,Walk the Moon
306,Blank Space,Taylor Swift
307,Watch Me,Silentó
308,Earned It,The Weeknd
309,The Hills,The Weeknd
310,Cheerleader,OMI
311,Can't Feel My Face,The Weeknd
312,Love Me Like You Do,Ellie Goulding
313,Take Me to Church,Hozier
314,Bad Blood,Taylor Swift
315,Lean On,Major Lazer & DJ Snake
316,Want to Want Me,Jason Derulo
317,Shake It Off,Taylor Swift
318,Where Are Ü Now,Skrillex & Diplo & Jack Ü
319,Fight Song,Rachel Platten
320,679,Fetty Wap
321,Lips Are Movin,Meghan Trainor
322,Worth It,Fifth Harmony
323,Post to Be,Omarion
324,"Honey, I'm Good.",Andy Grammer
325,I'm Not the Only One,Sam Smith
326,Good for You,Selena Gomez
327,All About That Bass,Meghan Trainor
328,Style,Taylor Swift
329,Hotline Bling,Drake
330,Hey Mama,David Guetta
331,G.D.F.R.,Flo Rida
332,What Do You Mean?,Justin Bieber
333,Photograph,Ed Sheeran
334,Hello,Adele
335,Stitches,Shawn Mendes
336,Talking Body,Tove Lo
337,Jealous,Nick Jonas
338,Time of Our Lives,Pitbull & Ne-Yo
339,Locked Away,R. City
340,Somebody,Natalie La Rose
341,FourFiveSeconds,Rihanna & Kanye West & Paul McCartney
342,Centuries,Fall Out Boy
343,My Way,Fetty Wap
344,Take Your Time,Sam Hunt
345,Animals,Maroon 5
346,I Don't Fuck with You,Big Sean
347,Bitch Better Have My Money,Rihanna
348,"Flex (Ooh, Ooh, Ooh)",Rich Homie Quan
349,Nasty Freestyle,T-Wayne
350,Only,Nicki Minaj
351,Elastic Heart,Sia
352,Cool for the Summer,Demi Lovato
353,Renegades,X Ambassadors
354,I Don't Mind,Usher
355,Love Me Harder,Ariana Grande & The Weeknd
356,Wildest Dreams,Taylor Swift
357,Stay with Me,Sam Smith
358,You Know You Like It,DJ Snake & AlunaGeorge
359,Uma Thurman,Fall Out Boy
360,7/11,Beyoncé
361,The Heart Wants What It Wants,Selena Gomez
362,Girl Crush,Little Big Town
363,Slow Motion,Trey Songz
364,Drag Me Down,One Direction
365,Truffle Butter,Nicki Minaj
366,One Last Time,Ariana Grande
367,Chains,Nick Jonas
368,All Eyes on You,Meek Mill
369,No Type,Rae Sremmurd
370,Riptide,Vance Joy
371,Classic Man,Jidenna
372,Ex's & Oh's,Elle King
373,Dear Future Husband,Meghan Trainor
374,Marvin Gaye,Charlie Puth
375,Like I'm Gonna Lose You,Meghan Trainor
376,Habits (Stay High),Tove Lo
377,The Hanging Tree,James Newton Howard
378,CoCo,O.T. Genasis
379,Bang Bang,Jessie J & Ariana Grande & Nicki Minaj
380,Lay Me Down,Sam Smith
381,Tuesday,ILoveMakonnen
382,Hit the Quan,iLoveMemphis
383,Downtown,Macklemore & Ryan Lewis
384,House Party,Sam Hunt
385,Ayo,Chris Brown & Tyga
386,Kick the Dust Up,Luke Bryan
387,Blessings,Big Sean
388,Budapest,George Ezra
389,Chandelier,Sia
390,Heartbeat Song,Kelly Clarkson
391,Don't,Ed Sheeran
392,Ghost,Ella Henderson
393,Here,Alessia Cara
394,Waves,Mr Probz
395,El Perdón,Nicky Jam & Enrique Iglesias
396,She Knows,Ne-Yo
397,Night Changes,One Direction
398,Back to Back,Drake
399,How Deep Is Your Love,Calvin Harris & Disciples
400,Love Yourself,Justin Bieber
401,Sorry,Justin Bieber
402,One Dance,Drake
403,Work,Rihanna
404,Stressed Out,Twenty One Pilots
405,Panda,Desiigner
406,Hello,Adele
407,Don't Let Me Down,The Chainsmokers
408,Can't Stop the Feeling!,Justin Timberlake
409,Closer,The Chainsmokers
410,Cheap Thrills,Sia
411,7 Years,Lukas Graham
412,Needed Me,Rihanna
413,My House,Flo Rida
414,I Took a Pill in Ibiza,Mike Posner
415,Work from Home,Fifth Harmony
416,This Is What You Came For,Calvin Harris
417,Cake by the Ocean,DNCE
418,"Me, Myself & I",G-Eazy & Bebe Rexha
419,Ride,Twenty One Pilots
420,Heathens,Twenty One Pilots
421,Pillowtalk,Zayn
422,Stitches,Shawn Mendes
423,Hotline Bling,Drake
424,Cold Water,Major Lazer
425,Send My Love (To Your New Lover),Adele
426,Roses,The Chainsmokers
427,Treat You Better,Shawn Mendes
428,Too Good,Drake
429,Low Life,Future
430,What Do You Mean?,Justin Bieber
431,The Hills,The Weeknd
432,Just Like Fire,P!nk
433,Broccoli,DRAM
434,Don't,Bryson Tiller
435,Dangerous Woman,Ariana Grande
436,Jumpman,Drake & Future
437,"I Hate U, I Love U",Gnash
438,Here,Alessia Cara
439,Same Old Love,Selena Gomez
440,Controlla,Drake
441,Like I'm Gonna Lose You,Meghan Trainor
442,One Call Away,Charlie Puth
443,Let It Go,James Bay
444,No,Meghan Trainor
445,Never Forget You,Zara Larsson & MNEK
446,Let Me Love You,DJ Snake
447,Don't Mind,Kent Jones
448,H.O.L.Y.,Florida Georgia Line
449,We Don't Talk Anymore,Charlie Puth
450,Into You,Ariana Grande
451,Gold,Kiiara
452,Exchange,Bryson Tiller
453,679,Fetty Wap
454,Oui,Jeremih
455,Hands to Myself,Selena Gomez
456,2 Phones,Kevin Gates
457,Starboy,The Weeknd
458,For Free,DJ Khaled
459,Never Be Like You,Flume
460,In the Night,The Weeknd
461,Me Too,Meghan Trainor
462,Ex's & Oh's,Elle King
463,Die a Happy Man,Thomas Rhett
464,White Iverson,Post Malone
465,Close,Nick Jonas
466,Unsteady,X Ambassadors
467,Sucker for Pain,Lil Wayne & Wiz Khalifa & Imagine Dragons & Logic & Ty Dolla Sign
468,Down in the DM,Yo Gotti
469,Luv,Tory Lanez
470,Sorry,Beyoncé
471,Can't Feel My Face,The Weeknd
472,Hymn for the Weekend,Coldplay
473,Say It,Tory Lanez
474,Antidote,Travis Scott
475,Lost Boy,Ruth B
476,Side to Side,Ariana Grande
477,"Sit Still, Look Pretty",Daya
478,Wildest Dreams,Taylor Swift
479,Middle,DJ Snake
480,On My Mind,Ellie Goulding
481,Pop Style,Drake
482,When We Were Young,Adele
483,Hide Away,Daya
484,Lean On,Major Lazer & DJ Snake
485,I Know What You Did Last Summer,Shawn Mendes & Camila Cabello
486,All the Way Up,Fat Joe & Remy Ma
487,Watch Me,Silentó
488,Back to Sleep,Chris Brown
489,No Limit,Usher
490,Cut It,O.T. Genasis
491,Really Really,Kevin Gates
492,All In My Head (Flex),Fifth Harmony
493,Starving,Hailee Steinfeld & Grey
494,Adventure of a Lifetime,Coldplay
495,Humble and Kind,Tim McGraw
496,Wicked,Future
497,Tiimmy Turner,Desiigner
498,See You Again,Wiz Khalifa
499,Perfect,One Direction
500,Shape of You,Ed Sheeran
501,Despacito (Remix),Luis Fonsi & Daddy Yankee
502,That's What I Like,Bruno Mars
503,Humble,Kendrick Lamar
504,Something Just Like This,The Chainsmokers & Coldplay
505,Bad and Boujee,Migos
506,Closer,The Chainsmokers
507,Body Like a Back Road,Sam Hunt
508,Believer,Imagine Dragons
509,Congratulations,Post Malone
510,Say You Won't Let Go,James Arthur
511,I'm the One,DJ Khaled
512,XO Tour Llif3,Lil Uzi Vert
513,Mask Off,Future
514,Unforgettable,French Montana
515,24K Magic,Bruno Mars
516,Stay,Zedd & Alessia Cara
517,Wild Thoughts,DJ Khaled
518,Black Beatles,Rae Sremmurd
519,Starboy,The Weeknd
520,Location,Khalid
521,Attention,Charlie Puth
522,There's Nothing Holdin' Me Back,Shawn Mendes
523,Bodak Yellow,Cardi B
524,Redbone,Childish Gambino
525,I Don't Wanna Live Forever,Zayn & Taylor Swift
526,It Ain't Me,Kygo & Selena Gomez
527,iSpy,Kyle
528,Issues,Julia Michaels
529,Scars to Your Beautiful,Alessia Cara
530,1-800-273-8255,Logic
531,Slow Hands,Niall Horan
532,Love on the Brain,Rihanna
533,I Feel It Coming,The Weeknd
534,Bounce Back,Big Sean
535,Strip That Down,Liam Payne
536,Fake Love,Drake
537,Don't Wanna Know,Maroon 5
538,Look What You Made Me Do,Taylor Swift
539,Castle on the Hill,Ed Sheeran
540,Bad Things,Machine Gun Kelly & Camila Cabello
541,Paris,The Chainsmokers
542,Side to Side,Ariana Grande
543,Rockabye,Clean Bandit
544,Feel It Still,Portugal. The Man
545,Let Me Love You,DJ Snake
546,Sorry Not Sorry,Demi Lovato
547,Bank Account,21 Savage
548,Can't Stop the Feeling!,Justin Timberlake
549,Mi Gente,J Balvin & Willy William
550,Thunder,Imagine Dragons
551,T-shirt,Migos
552,Rake It Up,Yo Gotti
553,Mercy,Shawn Mendes
554,Tunnel Vision,Kodak Black
555,Rockstar,Post Malone
556,In Case You Didn't Know,Brett Young
557,Heathens,Twenty One Pilots
558,Now or Never,Halsey
559,Caroline,Aminé
560,Rolex,Ayo & Teo
561,DNA,Kendrick Lamar
562,Juju on That Beat (TZ Anthem),Zay Hilfigerrr & Zayion McCall
563,Swang,Rae Sremmurd
564,Passionfruit,Drake
565,Loyalty,Kendrick Lamar
566,Praying,Kesha
567,Goosebumps,Travis Scott
568,Cold,Maroon 5
569,Broccoli,DRAM
570,Slide,Calvin Harris
571,What Ifs,Kane Brown
572,Chained to the Rhythm,Katy Perry
573,Feels,Calvin Harris
574,All Time Low,Jon Bellion
575,Hurricane,Luke Combs
576,Too Good at Goodbyes,Sam Smith
577,Young Dumb & Broke,Khalid
578,Magnolia,Playboi Carti
579,Love Galore,SZA
580,Drowning,A Boogie wit da Hoodie
581,Starving,Hailee Steinfeld & Grey
582,Both,Gucci Mane
583,What About Us,P!nk
584,Swalla,Jason Derulo
585,Slippery,Migos
586,Sign of the Times,Harry Styles
587,Water Under the Bridge,Adele
588,Malibu,Miley Cyrus
589,Down,Marian Hill
590,No Promises,Cheat Codes
591,Treat You Better,Shawn Mendes
592,I Get the Bag,Gucci Mane
593,Small Town Boy,Dustin Lynch
594,Everyday We Lit,YFN Lucci
595,Havana,Camila Cabello
596,What Lovers Do,Maroon 5
597,Do Re Mi,Blackbear
598,Look at Me!,XXXTentacion
599,The Fighter,Keith Urban
600,God's Plan,Drake
601,Perfect,Ed Sheeran
602,Meant to Be,Bebe Rexha
603,Havana,Camila Cabello
604,Rockstar,Post Malone
605,Psycho,Post Malone
606,I Like It,Cardi B & Bad Bunny & J Balvin
607,The Middle,Zedd & Maren Morris & Grey
608,In My Feelings,Drake
609,Girls Like You,Maroon 5
610,Nice for What,Drake
611,Lucid Dreams,Juice Wrld
612,Better Now,Post Malone
613,Finesse,Bruno Mars
614,Boo'd Up,Ella Mai
615,New Rules,Dua Lipa
616,Sad!,XXXTentacion
617,Never Be the Same,Camila Cabello
618,Love Lies,Khalid & Normani
619,No Tears Left to Cry,Ariana Grande
620,Mine,Bazzi
621,Thunder,Imagine Dragons
622,Look Alive,BlocBoy JB
623,Delicate,Taylor Swift
624,Yes Indeed,Lil Baby & Drake
625,Friends,Marshmello & Anne-Marie
626,Bad at Love,Halsey
627,Taste,Tyga
628,Let You Down,NF
629,No Limit,G-Eazy
630,Fefe,6ix9ine
631,Tequila,Dan + Shay
632,Feel It Still,Portugal. The Man
633,MotorSport,Migos & Nicki Minaj & Cardi B
634,I Like Me Better,Lauv
635,Youngblood,5 Seconds of Summer
636,Whatever It Takes,Imagine Dragons
637,Ric Flair Drip,Offset & Metro Boomin
638,I Fall Apart,Post Malone
639,Pray for Me,The Weeknd & Kendrick Lamar
640,Back to You,Selena Gomez
641,Sicko Mode,Travis Scott
642,Walk It Talk It,Migos
643,Gucci Gang,Lil Pump
644,Him & I,G-Eazy & Halsey
645,In My Blood,Shawn Mendes
646,All the Stars,Kendrick Lamar & SZA
647,Stir Fry,Migos
648,Too Good at Goodbyes,Sam Smith
649,Love,Kendrick Lamar
650,This Is America,Childish Gambino
651,Nonstop,Drake
652,Heaven,Kane Brown
653,Bodak Yellow,Cardi B
654,Freaky Friday,Lil Dicky
655,Gummo,6ix9ine
656,Plug Walk,Rich the Kid
657,Wait,Maroon 5
658,Be Careful,Cardi B
659,Wolves,Selena Gomez & Marshmello
660,Bartier Cardi,Cardi B
661,God Is a Woman,Ariana Grande
662,Big Bank,YG
663,Sorry Not Sorry,Demi Lovato
664,How Long,Charlie Puth
665,Lights Down Low,Max
666,Young Dumb & Broke,Khalid
667,One Kiss,Calvin Harris & Dua Lipa
668,Natural,Imagine Dragons
669,You Make It Easy,Jason Aldean
670,Shape of You,Ed Sheeran
671,I Get the Bag,Gucci Mane
672,No Brainer,DJ Khaled
673,Plain Jane,ASAP Ferg
674,Sky Walker,Miguel
675,Marry Me,Thomas Rhett
676,Eastside,Benny Blanco & Halsey & Khalid
677,Call Out My Name,The Weeknd
678,King's Dead,Jay Rock & Kendrick Lamar & Future & James Blake
679,Happier,Marshmello & Bastille
680,Te Boté,Darell
681,Simple,Florida Georgia Line
682,Lemon,N.E.R.D & Rihanna
683,1-800-273-8255,Logic
684,Say Something,Justin Timberlake
685,I'm Upset,Drake
686,Get Along,Kenny Chesney
687,Moonlight,XXXTentacion
688,What Lovers Do,Maroon 5
689,X,Nicky Jam & J Balvin
690,Outside Today,YoungBoy Never Broke Again
691,Trip,Ella Mai
692,Dura,Daddy Yankee
693,Changes,XXXTentacion
694,Mercy,Brett Young
695,One Number Away,Luke Combs
696,Powerglide,Rae Sremmurd
697,IDGAF,Dua Lipa
698,Mi Gente,J Balvin & Willy William
699,Believer,Imagine Dragons
700,Old Town Road,Lil Nas X
701,Sunflower,Post Malone & Swae Lee
702,Without Me,Halsey
703,Bad Guy,Billie Eilish
704,Wow,Post Malone
705,Happier,Marshmello & Bastille
706,7 Rings,Ariana Grande
707,Talk,Khalid
708,Sicko Mode,Travis Scott
709,Sucker,Jonas Brothers
710,High Hopes,Panic! at the Disco
711,"Thank U, Next",Ariana Grande
712,Truth Hurts,Lizzo
713,Dancing with a Stranger,Sam Smith & Normani
714,Señorita,Shawn Mendes & Camila Cabello
715,I Don't Care,Ed Sheeran & Justin Bieber
716,Eastside,Benny Blanco & Halsey & Khalid
717,Going Bad,Meek Mill
718,Shallow,Lady Gaga & Bradley Cooper
719,Better,Khalid
720,No Guidance,Chris Brown
721,Girls Like You,Maroon 5
722,Sweet but Psycho,Ava Max
723,Suge,DaBaby
724,Middle Child,J. Cole
725,Drip Too Hard,Lil Baby & Gunna
726,Someone You Loved,Lewis Capaldi
727,Ransom,Lil Tecca
728,If I Can't Have You,Shawn Mendes
729,Goodbyes,Post Malone
730,Zeze,Kodak Black
731,Better Now,Post Malone
732,Youngblood,5 Seconds of Summer
733,Money in the Grave,Drake
734,Speechless,Dan + Shay
735,"Break Up with Your Girlfriend, I'm Bored",Ariana Grande
736,Please Me,Cardi B & Bruno Mars
737,Money,Cardi B
738,You Need to Calm Down,Taylor Swift
739,Panini,Lil Nas X
740,Look Back at It,A Boogie wit da Hoodie
741,A Lot,21 Savage
742,Me!,Taylor Swift
743,Mia,Bad Bunny
744,Pop Out,Polo G
745,Beautiful Crazy,Luke Combs
746,Thotiana,Blueface
747,Lucid Dreams,Juice Wrld
748,Mo Bamba,Sheck Wes
749,Beautiful People,Ed Sheeran
750,Wake Up in the Sky,Gucci Mane & Bruno Mars & Kodak Black
751,Whiskey Glasses,Morgan Wallen
752,God's Country,Blake Shelton
753,Be Alright,Dean Lewis
754,Pure Water,Mustard & Migos
755,The Git Up,Blanco Brown
756,Taki Taki,DJ Snake
757,Close to Me,Ellie Goulding & Diplo
758,Envy Me,Calboy
759,You Say,Lauren Daigle
760,"Hey Look Ma, I Made It",Panic! at the Disco
761,Circles,Post Malone
762,Beer Never Broke My Heart,Luke Combs
763,The London,Young Thug & J. Cole & Travis Scott
764,Con Calma,Daddy Yankee & Katy Perry
765,Murder on My Mind,YNW Melly
766,When the Party's Over,Billie Eilish
767,Act Up,City Girls
768,I Like It,Cardi B & Bad Bunny & J Balvin
769,Trampoline,Shaed
770,Leave Me Alone,Flipp Dinero
771,Breathin,Ariana Grande
772,Bury a Friend,Billie Eilish
773,Close Friends,Lil Baby
774,Baby Shark,Pinkfong
775,My Type,Saweetie
776,Worth It,YK Osiris
777,Only Human,Jonas Brothers
778,Knockin' Boots,Luke Bryan
779,Trip,Ella Mai
780,Rumor,Lee Brice
781,Swervin,A Boogie wit da Hoodie
782,How Do You Sleep?,Sam Smith
783,Baby,Lil Baby & DaBaby
784,Look What God Gave Her,Thomas Rhett
785,Good as You,Kane Brown
786,Clout,Offset
787,Love Lies,Khalid & Normani
788,One Thing Right,Marshmello & Kane Brown
789,Cash Shit,Megan Thee Stallion
790,Tequila,Dan + Shay
791,Shotta Flow,NLE Choppa
792,Hot Girl Summer,Megan Thee Stallion
793,Talk You Out of It,Florida Georgia Line
794,Beautiful,Bazzi
795,Eyes on You,Chase Rice
796,All to Myself,Dan + Shay
797,Boyfriend,Ariana Grande & Social House
798,Walk Me Home,Pink
799,Robbery,Juice Wrld
800,Blinding Lights,The Weeknd
801,Circles,Post Malone
802,The Box,Roddy Ricch
803,Don't Start Now,Dua Lipa
804,Rockstar,DaBaby
805,Adore You,Harry Styles
806,Life Is Good,Future
807,Memories,Maroon 5
808,The Bones,Maren Morris
809,Someone You Loved,Lewis Capaldi
810,Say So,Doja Cat
811,I Hope,Gabby Barrett
812,Whats Poppin,Jack Harlow
813,Dance Monkey,Tones and I
814,Savage,Megan Thee Stallion
815,Roxanne,Arizona Zervas
816,Intentions,Justin Bieber
817,Everything I Wanted,Billie Eilish
818,Roses (Imanbek remix),Saint Jhn
819,Watermelon Sugar,Harry Styles
820,Before You Go,Lewis Capaldi
821,Falling,Trevor Daniel
822,"10,000 Hours",Dan + Shay & Justin Bieber
823,WAP,Cardi B
824,Ballin',Mustard & Roddy Ricch
825,Hot Girl Bummer,Blackbear
826,Blueberry Faygo,Lil Mosey
827,Heartless,The Weeknd
828,Bop,DaBaby
829,Lose You to Love Me,Selena Gomez
830,Good as Hell,Lizzo
831,Toosie Slide,Drake
832,Break My Heart,Dua Lipa
833,Chasin' You,Morgan Wallen
834,Savage Love (Laxed – Siren Beat),Jawsh 685 & Jason Derulo
835,No Guidance,Chris Brown
836,My Oh My,Camila Cabello
837,Dynamite,BTS
838,Go Crazy,Chris Brown & Young Thug
839,High Fashion,Roddy Ricch
840,Laugh Now Cry Later,Drake
841,Woah,Lil Baby
842,Death Bed,Powfu
843,Señorita,Shawn Mendes & Camila Cabello
844,Highest in the Room,Travis Scott
845,Bad Guy,Billie Eilish
846,Mood,24kGoldn
847,Rain on Me,Lady Gaga & Ariana Grande
848,For the Night,Pop Smoke
849,Ritmo (Bad Boys for Life),Black Eyed Peas & J Balvin
850,Heart on Ice,Rod Wave
851,Nobody but You,Blake Shelton & Gwen Stefani
852,Trampoline,Shaed
853,Come & Go,Juice Wrld & Marshmello
854,Truth Hurts,Lizzo
855,If the World Was Ending,JP Saxe
856,We Paid,Lil Baby & 42 Dugg
857,Yummy,Justin Bieber
858,One Man Band,Old Dominion
859,Got What I Got,Jason Aldean
860,Sunday Best,Surfaces
861,Godzilla,Eminem
862,Bandit,Juice Wrld & YoungBoy Never Broke Again
863,Party Girl,StaySolidRocky
864,Die from a Broken Heart,Maddie & Tae
865,Popstar,DJ Khaled
866,All I Want for Christmas Is You,Mariah Carey
867,One of Them Girls,Lee Brice
868,Hard to Forget,Sam Hunt
869,One Margarita,Luke Bryan
870,Panini,Lil Nas X
871,Hot,Young Thug
872,I Hope You're Happy Now,Carly Pearce & Lee Brice
873,Emotionally Scarred,Lil Baby
874,Suicidal,YNW Melly
875,The Bigger Picture,Lil Baby
876,Only Human,Jonas Brothers
877,The Woo,Pop Smoke
878,Sum 2 Prove,Lil Baby
879,Stuck with U,Ariana Grande & Justin Bieber
880,Mood Swings,Pop Smoke
881,You Should Be Sad,Halsey
882,Dior,Pop Smoke
883,Supalonely,Benee
884,Even Though I'm Leaving,Luke Combs
885,The Scotts,Travis Scott & Kid Cudi
886,Juicy,Doja Cat & Tyga
887,Be Like That,Kane Brown & Swae Lee & Khalid
888,Homesick,Kane Brown
889,Rags2Riches,Rod Wave
890,Bluebird,Miranda Lambert
891,Wishing Well,Juice Wrld
892,Does to Me,Luke Combs
893,Pussy Fairy (OTW),Jhené Aiko
894,ILY (I Love You Baby),Surf Mesa
895,More Than My Hometown,Morgan Wallen
896,Lovin' on You,Luke Combs
897,Said Sum,Moneybagg Yo
898,Slide,H.E.R.
899,Walk Em Down,NLE Choppa
900,Levitating,Dua Lipa
901,Save Your Tears,The Weeknd & Ariana Grande
902,Blinding Lights,The Weeknd
903,Mood,24kGoldn
904,Good 4 U,Olivia Rodrigo
905,Kiss Me More,Doja Cat
906,Leave the Door Open,Silk Sonic & Bruno Mars & Anderson .Paak
907,Drivers License,Olivia Rodrigo
908,Montero (Call Me by Your Name),Lil Nas X
909,Peaches,Justin Bieber
910,Butter,BTS
911,Stay,The Kid Laroi & Justin Bieber
912,Deja Vu,Olivia Rodrigo
913,Positions,Ariana Grande
914,Bad Habits,Ed Sheeran
915,Heat Waves,Glass Animals
916,Without You,The Kid Laroi
917,Forever After All,Luke Combs
918,Go Crazy,Chris Brown & Young Thug
919,Astronaut in the Ocean,Masked Wolf
920,34+35,Ariana Grande
921,What You Know Bout Love,Pop Smoke
922,My Ex's Best Friend,Machine Gun Kelly
923,Industry Baby,Lil Nas X & Jack Harlow
924,Therefore I Am,Billie Eilish
925,Up,Cardi B
926,Fancy Like,Walker Hayes
927,Dakiti,Bad Bunny & Jhay Cortez
928,Best Friend,Saweetie
929,Rapstar,Polo G
930,Heartbreak Anniversary,Giveon
931,For the Night,Pop Smoke
932,Calling My Phone,Lil Tjay & 6lack
933,Beautiful Mistakes,Maroon 5
934,Holy,Justin Bieber
935,On Me,Lil Baby
936,You Broke Me First,Tate McRae
937,Traitor,Olivia Rodrigo
938,Back in Blood,Pooh Shiesty
939,I Hope,Gabby Barrett
940,Dynamite,BTS
941,Wockesha,Moneybagg Yo
942,You Right,Doja Cat & the Weeknd
943,Beat Box 2,SpotemGottem & SpotemGottem
944,Laugh Now Cry Later,Drake
945,Need to Know,Doja Cat
946,Wants and Needs,Drake
947,Way 2 Sexy,Drake
948,Telepatía,Kali Uchis
949,Whoopty,CJ
950,Lemonade,Internet Money & Gunna
951,Good Days,SZA
952,Starting Over,Chris Stapleton
953,Body,Megan Thee Stallion
954,Willow,Taylor Swift
955,Bang!,AJR
956,Better Together,Luke Combs
957,You're Mines Still,Yung Bleu
958,Every Chance I Get,DJ Khaled
959,Essence,Wizkid
960,Chasing After You,Ryan Hurd & Maren Morris
961,The Good Ones,Gabby Barrett
962,Leave Before You Love Me,Marshmello & Jonas Brothers
963,Glad You Exist,Dan + Shay
964,Lonely,Justin Bieber & Benny Blanco
965,Beggin',Måneskin
966,Streets,Doja Cat
967,What's Next,Drake
968,Famous Friends,Chris Young & Kane Brown
969,Lil Bit,Nelly & Florida Georgia Line
970,Thot Shit,Megan Thee Stallion
971,Late at Night,Roddy Ricch
972,Kings & Queens,Ava Max
973,Anyone,Justin Bieber
974,Track Star,Mooski
975,Time Today,Moneybagg Yo
976,Cry Baby,Megan Thee Stallion
977,All I Want for Christmas Is You,Mariah Carey
978,No More Parties,Coi Leray
979,What's Your Country Song,Thomas Rhett
980,One Too Many,Keith Urban & Pink
981,Arcade,Duncan Laurence
982,Yonaguni,Bad Bunny
983,Good Time,Niko Moon
984,If I Didn't Love You,Jason Aldean & Carrie Underwood
985,Knife Talk,Drake
986,POV,Ariana Grande
987,Just the Way,Parmalee & Blanco Brown
988,Take My Breath,The Weeknd
989,We're Good,Dua Lipa
990,Hell of a View,Eric Church
991,Rockin' Around the Christmas Tree,Brenda Lee
992,Put Your Records On,Ritt Momney
993,Happier Than Ever,Billie Eilish
994,Single Saturday Night,Cole Swindell
995,Things a Man Oughta Know,Lainey Wilson
996,Throat Baby (Go Baby),BRS Kash
997,Tombstone,Rod Wave
998,Drinkin' Beer. Talkin' God. Amen.,Chase Rice
999,Todo de Ti,Rauw Alejandro
1000,Heat Waves,Glass Animals
1001,As It Was,Harry Styles
1002,Stay,The Kid Laroi & Justin Bieber
1003,Easy on Me,Adele
1004,Shivers,Ed Sheeran
1005,First Class,Jack Harlow
1006,Big Energy,Latto
1007,Ghost,Justin Bieber
1008,Super Gremlin,Kodak Black
1009,Cold Heart (Pnau Remix),Elton John & Dua Lipa
1010,Wait for U,Future
1011,About Damn Time,Lizzo
1012,Bad Habits,Ed Sheeran
1013,Thats What I Want,Lil Nas X
1014,Enemy,Imagine Dragons & JID
1015,Industry Baby,Lil Nas X & Jack Harlow
1016,ABCDEFU,Gayle
1017,Need to Know,Doja Cat
1018,Wasted on You,Morgan Wallen
1019,Me Porto Bonito,Bad Bunny & Chencho Corleone
1020,Woman,Doja Cat
1021,Tití Me Preguntó,Bad Bunny
1022,Running Up That Hill (A Deal with God),Kate Bush
1023,We Don't Talk About Bruno,Carolina Gaitán & Adassa & Rhenzy Feliz & Diane Guerrero & Stephanie Beatriz & Encanto
1024,Late Night Talking,Harry Styles
1025,I Like You (A Happier Song),Post Malone
1026,You Proof,Morgan Wallen
1027,Bad Habit,Steve Lacy
1028,Sunroof,Nicky Youre
1029,One Right Now,Post Malone & the Weeknd
1030,Good 4 U,Olivia Rodrigo
1031,Numb Little Bug,Em Beihold
1032,Jimmy Cooks,Drake
1033,'Til You Can't,Cody Johnson
1034,Fancy Like,Walker Hayes
1035,The Kind of Love We Make,Luke Combs
1036,I Ain't Worried,OneRepublic
1037,Break My Soul,Beyoncé
1038,Something in the Orange,Zach Bryan
1039,Save Your Tears,The Weeknd & Ariana Grande
1040,Smokin out the Window,Silk Sonic & Bruno Mars & Anderson .Paak
1041,Levitating,Dua Lipa
1042,In a Minute,Lil Baby
1043,Moscow Mule,Bad Bunny
1044,You Right,Doja Cat & the Weeknd
1045,She Had Me at Heads Carolina,Cole Swindell
1046,Vegas,Doja Cat
1047,Pushin P,Gunna & Future
1048,Buy Dirt,Jordan Davis & Luke Bryan
1049,I Hate U,SZA
1050,Boyfriend,Dove Cameron
1051,Glimpse of Us,Joji
1052,Surface Pressure,Jessica Darrow
1053,Fall in Love,Bailey Zimmerman
1054,Love Nwantiti (Ah Ah Ah),CKay
1055,Super Freaky Girl,Nicki Minaj
1056,Hrs and Hrs,Muni Long
1057,Sand in My Boots,Morgan Wallen
1058,Mamiii,Becky G & Karol G
1059,Knife Talk,Drake
1060,AA,Walker Hayes
1061,Sweetest Pie,Megan Thee Stallion & Dua Lipa
1062,Provenza,Karol G
1063,Essence,Wizkid
1064,All I Want for Christmas Is You,Mariah Carey
1065,Bam Bam,Camila Cabello
1066,5 Foot 9,Tyler Hubbard
1067,Get Into It (Yuh),Doja Cat
1068,Efecto,Bad Bunny
1069,Rock and a Hard Place,Bailey Zimmerman
1070,Doin' This,Luke Combs
1071,Oh My God,Adele
1072,Better Days,Neiked & Mae Muller & Polo G
1073,Meet Me at Our Spot,The Anxiety & Willow & Tyler Cole
1074,Fingers Crossed,Lauren Spencer-Smith
1075,All Too Well (Taylor's Version),Taylor Swift
1076,Party,Bad Bunny & Rauw Alejandro
1077,Después de la Playa,Bad Bunny
1078,You Should Probably Leave,Chris Stapleton
1079,Rockin' Around the Christmas Tree,Brenda Lee
1080,Broadway Girls,Lil Durk
1081,Take My Name,Parmalee
1082,What Happened to Virgil,Lil Durk
1083,Puffin on Zootiez,Future
1084,Like I Love Country Music,Kane Brown
1085,Jingle Bell Rock,Bobby Helms
1086,Ojitos Lindos,Bad Bunny & Bomba Estéreo
1087,Trouble with a Heartbreak,Jason Aldean
1088,A Holly Jolly Christmas,Burl Ives
1089,Kiss Me More,Doja Cat
1090,She Likes It,Russell Dickerson
1091,Never Say Never,Cole Swindell & Lainey Wilson
1092,Damn Strait,Scotty McCreery
1093,She's All I Wanna Be,Tate McRae
1094,Last Night Lonely,Jon Pardi
1095,Flower Shops,Ernest
1096,To the Moon,Jnr Choi
1097,Unholy,Sam Smith & Kim Petras
1098,One Mississippi,Kane Brown
1099,Circles Around This Town,Maren Morris
1100,Last Night,Morgan Wallen
1101,Flowers,Miley Cyrus
1102,Kill Bill,SZA
1103,Anti-Hero,Taylor Swift
1104,Creepin',Metro Boomin & the Weeknd & 21 Savage
1105,Calm Down,Rema & Selena Gomez
1106,Die for You,The Weeknd & Ariana Grande
1107,Fast Car,Luke Combs
1108,Snooze,SZA
1109,I'm Good (Blue),David Guetta & Bebe Rexha
1110,Unholy,Sam Smith & Kim Petras
1111,You Proof,Morgan Wallen
1112,Something in the Orange,Zach Bryan
1113,Rich Flex,Drake & 21 Savage
1114,As It Was,Harry Styles
1115,Rock and a Hard Place,Bailey Zimmerman
1116,Under the Influence,Chris Brown
1117,Cruel Summer,Taylor Swift
1118,Thinkin' Bout Me,Morgan Wallen
1119,Boy's a Liar Pt. 2,PinkPantheress & Ice Spice
1120,Favorite Song,Toosii
1121,Thought You Should Know,Morgan Wallen
1122,Thank God,Kane Brown & Katelyn Brown
1123,Sure Thing,Miguel
1124,All My Life,Lil Durk
1125,Ella Baila Sola,Eslabon Armado & Peso Pluma
1126,Karma,Taylor Swift
1127,Just Wanna Rock,Lil Uzi Vert
1128,Cuff It,Beyoncé
1129,Vampire,Olivia Rodrigo
1130,FukUMean,Gunna
1131,Lavender Haze,Taylor Swift
1132,Players,Coi Leray
1133,Need a Favor,Jelly Roll
1134,Dance the Night,Dua Lipa
1135,Love You Anyway,Luke Combs
1136,One Thing at a Time,Morgan Wallen
1137,Superhero (Heroes & Villains),Metro Boomin & Future & Chris Brown
1138,Bad Habit,Steve Lacy
1139,La Bebé,Yng Lvcas & Peso Pluma
1140,Golden Hour,Jvke
1141,Religiously,Bailey Zimmerman
1142,Spin Bout U,Drake & 21 Savage
1143,Cupid,Fifty Fifty
1144,Search & Rescue,Drake
1145,Barbie World,Nicki Minaj & Ice Spice & Aqua
1146,Next Thing You Know,Jordan Davis
1147,Escapism,Raye
1148,Un x100to,Grupo Frontera & Bad Bunny
1149,Until I Found You,Stephen Sanchez
1150,Shirt,SZA
1151,Paint the Town Red,Doja Cat
1152,Made You Look,Meghan Trainor
1153,Wait in the Truck,Hardy
1154,All I Want for Christmas Is You,Mariah Carey
1155,Everything I Love,Morgan Wallen
1156,Chemical,Post Malone
1157,Heart Like a Truck,Lainey Wilson
1158,"Going, Going, Gone",Luke Combs
1159,Rockin' Around the Christmas Tree,Brenda Lee
1160,Dancin' in the Country,Tyler Hubbard
1161,Daylight,David Kushner
1162,Lift Me Up,Rihanna
1163,Eyes Closed,Ed Sheeran
1164,TQG,Karol G & Shakira
1165,Try That in a Small Town,Jason Aldean
1166,Tennessee Orange,Megan Moroney
1167,Jingle Bell Rock,Bobby Helms
1168,Princess Diana,Ice Spice & Nicki Minaj
1169,Tomorrow 2,GloRilla & Cardi B
1170,A Holly Jolly Christmas,Burl Ives
1171,Where She Goes,Bad Bunny
1172,Bebe Dame,Fuerza Regida & Grupo Frontera
1173,I Remember Everything,Zach Bryan
1174,I Like You (A Happier Song),Post Malone
1175,What It Is (Block Boy),Doechii
1176,Nobody Gets Me,SZA
1177,Rich Men North of Richmond,Oliver Anthony Music
1178,Super Freaky Girl,Nicki Minaj
1179,Dial Drunk,Noah Kahan & Post Malone
1180,What Was I Made For?,Billie Eilish
1181,Seven,Jungkook
1182,Wait for U,Future
1183,Last Christmas,Wham!
1184,Handle on You,Parker McCollum
1185,Por Las Noches,Peso Pluma
1186,Memory Lane,Old Dominion
1187,Area Codes,Kaliii
1188,Bury Me in Georgia,Kane Brown
1189,PRC,Peso Pluma & Natanael Cano
1190,What My World Spins Around,Jordan Davis
1191,Ain't That Some,Morgan Wallen
1192,Wild as Her,Corey Kent
1193,Peaches & Eggplants,Young Nudy
1194,I Wrote the Book,Morgan Wallen
1195,"Bzrp Music Sessions, Vol. 53",Bizarrap & Shakira
1196,Meltdown,Travis Scott
1197,Put It on da Floor Again,Latto
1198,Bloody Mary,Lady Gaga
1199,Watermelon Moonshine,Lainey Wilson
1200,Lose Control,Teddy Swims
1201,A Bar Song (Tipsy),Shaboozey
1202,Beautiful Things,Benson Boone
1203,I Had Some Help,Post Malone
1204,Lovin on Me,Jack Harlow
1205,Not Like Us,Kendrick Lamar
1206,Espresso,Sabrina Carpenter
1207,Million Dollar Baby,Tommy Richman
1208,I Remember Everything,Zach Bryan
1209,Too Sweet,Hozier
1210,Stick Season,Noah Kahan
1211,Cruel Summer,Taylor Swift
1212,Greedy,Tate McRae
1213,Like That,Future & Metro Boomin & Kendrick Lamar
1214,Birds of a Feather,Billie Eilish
1215,Please Please Please,Sabrina Carpenter
1216,Agora Hills,Doja Cat
1217,"Good Luck, Babe!",Chappell Roan
1218,Saturn,SZA
1219,Snooze,SZA
1220,Paint the Town Red,Doja Cat
1221,Fortnight,Taylor Swift
1222,Fast Car,Luke Combs
1223,Water,Tyla
1224,Feather,Sabrina Carpenter
1225,We Can't Be Friends (Wait for Your Love),Ariana Grande
1226,Austin,Dasha
1227,Last Night,Morgan Wallen
1228,Cowgirls,Morgan Wallen
1229,Pink Skies,Zach Bryan
1230,Thinkin' Bout Me,Morgan Wallen
1231,Texas Hold 'Em,Beyoncé
1232,Is It Over Now?,Taylor Swift
1233,Miles on It,Marshmello & Kane Brown
1234,I Can Do It with a Broken Heart,Taylor Swift
1235,Wild Ones,Jessie Murph & Jelly Roll
1236,Ain't No Love in Oklahoma,Luke Combs
1237,Carnival,¥$ & Kanye West & Ty Dolla Sign
1238,Houdini,Eminem
1239,Wanna Be,GloRilla & Megan Thee Stallion
1240,Slow It Down,Benson Boone
1241,Redrum,21 Savage
1242,Houdini,Dua Lipa
1243,Yeah Glo!,GloRilla
1244,Rich Baby Daddy,Drake
1245,What Was I Made For?,Billie Eilish
1246,End of Beginning,Djo
1247,Lunch,Billie Eilish
1248,Never Lose Me,Flo Milli
1249,Lies Lies Lies,Morgan Wallen
1250,Type Shit,Future & Metro Boomin & Travis Scott & Playboi Carti
1251,Gata Only,FloyyMenor & Cris MJ
1252,Hot to Go!,Chappell Roan
1253,All I Want for Christmas Is You,Mariah Carey
1254,Get It Sexyy,Sexyy Red
1255,Made for Me,Muni Long
1256,Vampire,Olivia Rodrigo
1257,Whatever She Wants,Bryson Tiller
1258,Rockin' Around the Christmas Tree,Brenda Lee
1259,Pretty Little Poison,Warren Zeiders
1260,First Person Shooter,Drake
1261,Die with a Smile,Lady Gaga & Bruno Mars
1262,I Like the Way You Kiss Me,Artemas
1263,Need a Favor,Jelly Roll
1264,Save Me,Jelly Roll
1265,Euphoria,Kendrick Lamar
1266,Truck Bed,Hardy
1267,Jingle Bell Rock,Bobby Helms
1268,Flowers,Miley Cyrus
1269,Where the Wild Things Are,Luke Combs
1270,Everybody,Nicki Minaj
1271,La Diabla,Xavi
1272,Stargazing,Myles Smith
1273,Last Christmas,Wham!
1274,I Am Not Okay,Jelly Roll
1275,Pour Me a Drink,Post Malone
1276,White Horse,Chris Stapleton
1277,Lil Boo Thang,Paul Russell
1278,Good Good,Usher & Summer Walker & 21 Savage
1279,Act II: Date @ 8,4Batz & Drake
1280,High Road,Koe Wetzel
1281,Monaco,Bad Bunny
1282,IDGAF,Drake
1283,Burn It Down,Parker McCollum
1284,FukUMean,Gunna
1285,Taste,Sabrina Carpenter
1286,Where It Ends,Bailey Zimmerman
1287,FTCU,Nicki Minaj
1288,Wildflower,Billie Eilish
1289,World on Fire,Nate Smith
1290,On My Mama,Victoria Monét
1291,"Yes, And?",Ariana Grande
1292,Exes,Tate McRae
1293,A Holly Jolly Christmas,Burl Ives
1294,Wind Up Missin' You,Tucker Wetmore
1295,Bulletproof,Nate Smith
1296,Fe!n,Travis Scott
1297,The Painter,Cody Johnson
1298,Down Bad,Taylor Swift
1299,Dance the Night,Dua Lipa
