,name,artist,spotify_id,release_date,genres
0,Somebody That I Used to Know,Gotye,1qDrWA6lyx8cLECdZE7TV7,2011-01-01,[]
1,Call Me Maybe,Carly Rae Jepsen,20I6sIOMTCkB6w7ryavxtO,2012-01-01,[]
2,We Are Young,Fun,5rgy6ghBq1eRApCkeUdJXf,2012-02-14,[]
3,Payphone,Maroon 5,1XGmzt0PVuFgQYYnV2It7A,2012-01-01,['pop']
4,Lights,Ellie Goulding,5aTsxlQlq0vIedDWZoqMWN,2010-01-01,[]
5,Glad You Came,The Wanted,5yDL13y5giogKs2fSNf7sj,2011-01-01,[]
6,Stronger (What Doesn't Kill You),Kelly Clarkson,1nInOsHbtotAmEOQhtvnzP,2011-10-24,['christmas']
7,We Found Love,Rihanna,6qn9YLKt13AGvpq9jfO8py,2011-11-18,[]
8,Starships,Nicki Minaj,2EBCVPNAG46nbgs6jXPGvv,2012-01-01,[]
9,What Makes You Beautiful,One Direction,4cluDES4hQEUhmXj6TXkSo,2012-05-25,[]
10,Wild Ones,Flo Rida,1NpW5kyvO4XrNJ3rnfcNy3,2012-06-22,[]
11,Set Fire to the Rain,Adele,3di5hcvxxciiqwMH1jarhY,2011-01-24,['soft pop']
12,Sexy and I Know It,LMFAO,70Vdd1gx5tn84jkAU31ASv,2011-01-01,[]
13,Some Nights,Fun,67WTwafOMgegV6ABnBQxcE,2012-02-14,[]
14,Wide Awake,Katy Perry,1rUQmXEy41tXwHIKFECNTa,2012-01-01,['pop']
15,Good Feeling,Flo Rida,2LEF1A8DOZ9wRYikWgVlZ8,2012-06-22,[]
16,Whistle,Flo Rida,3bC1ahPIYt1btJzSSEyyrF,2012-06-22,[]
17,One More Night,Maroon 5,6cpk00i5TxCqSeqNi2HuIe,2012-01-01,['pop']
18,Drive By,Train,0KAiuUOrLTIkzkpfpn9jb9,2012-04-17,['soft pop']
19,The Motto,Drake,4Kz4RdRCceaA9VgTqBhBfa,2011-11-15,['rap']
20,Where Have You Been,Rihanna,5WQQIDU3HRaMyPkob8mpFb,2011-11-18,[]
21,Everybody Talks,Neon Trees,2iUmqdfGZcHIhS3b9E9EWq,2012-01-01,[]
22,Take Care,Drake,124NFj84ppZ5pAxTuVQYCQ,2011-11-15,['rap']
23,Titanium,David Guetta,2i1AVZAYLhrQTvzr1hu7Jt,2012-09-10,"['edm', 'dance']"
24,I Won't Give Up,Jason Mraz,5ivF4eQBqJiVL5IAE9jRyl,2012-04-13,"['soft pop', 'acoustic pop']"
25,It Will Rain,Bruno Mars,0M3HkE321xpCbCYqVKzr1q,2011-09-28,[]
26,Mercy,Kanye West,4qikXelSRKvoCqFcHLB2H2,2012-01-01,['rap']
27,Boyfriend,Justin Bieber,3UGIZ8qcrMTwzLbx6Kttqt,2012-01-01,[]
28,Party Rock Anthem,LMFAO,7mitXLIMCflkhZiD34uEQI,2011-01-01,[]
29,Too Close,Alex Clare,5Ot3sE4ra8mF4alEjQmSJz,2019-07-19,[]
30,Part of Me,Katy Perry,6yARPLK0PV4heEyh7pVMGz,2012-01-01,['pop']
31,"Young, Wild & Free",Snoop Dogg,3FNy4yzOhHhFBeA5p4ofoq,2011-10-21,"['g-funk', 'west coast hip hop', 'gangster rap', 'hip hop', 'rap']"
32,We Are Never Ever Getting Back Together,Taylor Swift,5YqltLsjdqFtvqE7Nrysvs,2021-11-12,[]
33,As Long as You Love Me,Justin Bieber,75lo8VozcCLRG9WGG674iD,2012-01-01,[]
34,Turn Me On,David Guetta,6T27IN7Ai94BeDv6PPCmoC,2012-12-07,"['edm', 'dance']"
35,Moves like Jagger,Maroon 5,3TahdwXB4gJRWVAI00Ejqa,2010,['pop']
36,Blow Me (One Last Kiss),Pink,4k80K0b6KZ2QjAYkXON7q6,2012-09-18,[]
37,Good Time,Owl City,1kPpge9JDLpcj15qgrPbYX,2012-08-17,[]
38,Give Your Heart a Break,Demi Lovato,3sP3c86WFjOzHHnbhhZcLA,2011-01-01,[]
39,Niggas in Paris,Jay-Z,1auxYwYrFRqZP7t3s7w4um,2011-08-08,"['hip hop', 'east coast hip hop', 'rap']"
40,The One That Got Away,Katy Perry,2009X8GyWTqyxIdzAEYW6N,2010-01-01,['pop']
41,Feel So Close,Calvin Harris,1gihuPhrLraKYrJMAEONyc,2012-10-29,['edm']
42,Someone like You,Adele,3bNv3VuUOKgrf5hu3YcuRo,2011-01-24,['soft pop']
43,Scream,Usher,12eMQUn2GzfsfsQLH53M19,2012-06-12,['r&b']
44,Rack City,Tyga,7rPLYmabWMobWhoIqZe6rh,2012-01-01,[]
45,Domino,Jessie J,2fQxE0jVrjNMT9oJAXtSJR,2011-01-01,[]
46,Gangnam Style,Psy,03UrZgTINDqvnUMbbIMhql,2012-01-01,['k-pop']
47,International Love,Pitbull,62zFEHfAYl5kdHYOivj4BC,2011-06-17,[]
48,Home,Phillip Phillips,1EAgPzRbK9YmdOESSMUm6P,2012-01-01,['folk pop']
49,Without You,David Guetta,7yoGqWuysO51L9h1fb4vgc,2012-09-10,"['edm', 'dance']"
50,Ass Back Home,Gym Class Heroes,3bfqkspKABT4pPicm6wC9F,2011-11-11,[]
51,Wanted,Hunter Hayes,0f1svjHSiaCJif6noKKVHa,2011,['country']
52,Drunk on You,Luke Bryan,3kv6omImmKEfOVJWjstusF,2011-01-01,"['country', 'acoustic country']"
53,No Lie,2 Chainz,4Ox97hNeJSWFCZ8vp76vog,2012-01-01,"['southern hip hop', 'rap']"
54,Want U Back,Cher Lloyd,5InWRmnfgjVwQWoXHNBATu,2011-11-07,[]
55,Don't Wake Me Up,Chris Brown,18VfHIPaCo0s6FTi1Fnp6T,2012-07-03,['r&b']
56,Dance (A$$),Big Sean,3ZAMtgYJFoHwJjFkhkXqKr,2011-01-01,[]
57,Springsteen,Eric Church,05ZACkzW8YbRq3eFgIfSNB,2011-01-01,"['country', 'acoustic country']"
58,Brokenhearted,Karmin,4urcG6Nfubqsuqy3juMjBi,2012-05-07,[]
59,Not Over You,Gavin DeGraw,6j7hih15xG2cdYwIJnQXsq,2011-09-16,[]
60,Stereo Hearts,Gym Class Heroes,0qOnSQQF0yzuPWsXrQ9paz,2011-11-11,[]
61,Back in Time,Pitbull,3eQlGeyuSibgAGPEJugaDW,2012,[]
62,Work Out,J. Cole,2wAJTrFhCnQyNSD3oUgTZO,2011-09-27,['rap']
63,Rumour Has It,Adele,5mFMb5OHI3cN0UjITVztCj,2011-01-24,['soft pop']
64,Let's Go,Calvin Harris,4wkQmYpAaMe41Rc3sYZ7Vz,2012-10-29,['edm']
65,Good Girl,Carrie Underwood,20DfkHC5grnKNJCzZQB6KC,2012-05-01,['country']
66,Pontoon,Little Big Town,0Bmpxve7bWl2iQtVwwbHJP,2025-05-09,['country']
67,Ho Hey,The Lumineers,0DwClY2t9YAWHBROMIgrXb,2012-04-03,"['folk pop', 'indie folk']"
68,Paradise,Coldplay,6nek1Nin9q48AVZcWs9e9D,2011-10-24,[]
69,Blown Away,Carrie Underwood,0vFMQi8ZnOM2y8cuReZTZ2,2012-05-01,['country']
70,Rolling in the Deep,Adele,4OSBTYWVwsQhGLF9NHvIbR,2011-01-24,['soft pop']
71,Climax,Usher,5pyVqlqThcxI7tPDjHIzPh,2012-06-12,['r&b']
72,"Work Hard, Play Hard",Wiz Khalifa,1ms5tNNdPouTtcD2oVF9Oz,2012-12-04,['rap']
73,Let Me Love You (Until You Learn to Love Yourself),Ne-Yo,4kte3OcW800TPvOVgrLLj8,2012-01-01,[]
74,Pound the Alarm,Nicki Minaj,5kcE7pp02ezLZaUbbMv3Iq,2012-01-01,[]
75,Come Over,Kenny Chesney,6BCrbWBpb8d6KWmEqZ41tr,2012-06-19,['country']
76,Heart Attack,Trey Songz,25CA8QVJQrh5R05UUCaODM,2012-08-17,['r&b']
77,Drank in My Cup,Kirko Bangz,4sbKiIjBRVPNz4hejPUqLi,2019-04-19,[]
78,Birthday Cake,Rihanna,4EfN6bixdOOgoLYR5C4cWo,2011-11-19,[]
79,So Good,B.o.B,28GUjBGqZVcAV4PHSYzkj2,2012-04-27,[]
80,50 Ways to Say Goodbye,Train,2NniAhAtkRACaMeYt48xlD,2012-04-17,['soft pop']
81,Red Solo Cup,Toby Keith,4YKAOXyqkKZ5gOZR0AmVMN,2011-10-21,['country']
82,Love You Like a Love Song,Selena Gomez & the Scene,0laYHRpNTS6i8FXdupHkJ4,2011-01-01,[]
83,Turn Up the Music,Chris Brown,1RMRkCn07y2xtBip9DzwmC,2012-07-03,['r&b']
84,Die Young,Kesha,7EQGXaVSyEDsCWKmUcfpLk,2012-11-30,[]
85,5 O'Clock,T-Pain,42EMFjvFtOki8MA0JNZqVK,2011-12-06,[]
86,A Thousand Years,Christina Perri,6lanRgr6wXibZr8KgzXxBl,2011-10-18,['soft pop']
87,Take a Little Ride,Jason Aldean,1KZ13No14RifaK2e9ii8da,2012-10-16,"['country', 'acoustic country']"
88,You da One,Rihanna,3Yt9lRtS5V4nbJnwcgFgvC,2011-11-19,[]
89,We Run the Night,Havana Brown,0mtPNQl5vePVwiI9Vykp7L,2011-01-01,[]
90,It's Time,Imagine Dragons,7MXlTgQeo3IVlMpLnZuhxc,2012-09-04,[]
91,Cashin' Out,Cash Out,1POAx4NMLOBPVKZUSsBh92,2012-03-26,[]
92,I Don't Want This Night to End,Luke Bryan,7c1KTn1z8Gw8ouYdcF4qaG,2011-01-01,"['country', 'acoustic country']"
93,Diamonds,Rihanna,7i0jaBLpIADxqNbhAb4XFb,2012-12-10,[]
94,Hard to Love,Lee Brice,6E9V9TRlVOLjenGjHemzEH,2012-04-24,"['country', 'acoustic country']"
95,Somethin' 'Bout a Truck,Kip Moore,6Ymvlzom4TQeoKqAWsZRD8,2012-01-01,['country']
96,Adorn,Miguel,5hJFhO9dvhJoDvUZZ9iWSw,2012,['r&b']
97,Fly Over States,Jason Aldean,0dUsJqLL2gVO9SOQXtgCMd,2010-11-02,"['country', 'acoustic country']"
98,Even If It Breaks Your Heart,Eli Young Band,0Nu9WA8kEbBWEsay2s8Q0U,2011-01-01,"['country', 'texas country', 'red dirt', 'acoustic country']"
99,Burn It Down,Linkin Park,7oVEtyuv9NBmnytsCIsY5I,2012-06-19,"['nu metal', 'rap metal', 'rock', 'alternative metal']"
100,Thrift Shop,Macklemore & Ryan Lewis,6CjtS2JZH9RkDz5UVInsa9,2012-10-09,[]
101,Blurred Lines,Robin Thicke,0n4bITAu0Y0nigrz3MFJMb,2013-01-01,[]
102,Radioactive,Imagine Dragons,62yJjFtgkhUrXktIoSjgP2,2012-09-04,[]
103,Harlem Shake,Baauer,01XFgRZfZI7oBagNf1Loml,2013-02-12,['edm trap']
104,Can't Hold Us,Macklemore & Ryan Lewis,22skzmqfdWrjJylampe0kt,2012-10-09,[]
105,Mirrors,Justin Timberlake,4rHZZAmHpZrA3iH5zx8frV,2013-03-15,[]
106,Just Give Me a Reason,Pink,1mKXFLRA179hdOWQBwUk9e,2012-09-18,[]
107,When I Was Your Man,Bruno Mars,0nJW01T7XtvILxQgC5J7Wh,2012-12-07,[]
108,Cruise,Florida Georgia Line,5BhsEd82G0Mnim0IUH6xkT,2012-01-01,"['country', 'pop country', 'acoustic country']"
109,Roar,Katy Perry,27tNWlhdAryQY04Gb2ZhUI,2013-01-01,['pop']
110,Locked Out of Heaven,Bruno Mars,3w3y8KPTfNeOKPiqUTakBh,2012-12-07,[]
111,Ho Hey,The Lumineers,0DwClY2t9YAWHBROMIgrXb,2012-04-03,"['folk pop', 'indie folk']"
112,Stay,Rihanna,0GNI8K3VATWBABQFAzBAYe,2012-12-11,[]
113,Get Lucky,Daft Punk,2Foc5Q5nqNiosCNqttzHof,2013-04-19,"['french house', 'electronic', 'electro']"
114,Royals,Lorde,2dLLR6qlu5UJ5gk0dKz0h3,2013-09-27,[]
115,I Knew You Were Trouble,Taylor Swift,6FB3v4YcR57y4tXFcdxI1E,2012-10-22,[]
116,We Can't Stop,Miley Cyrus,2y4lAQpi5VTNLu2ldeTdUH,2013-10-04,[]
117,Wrecking Ball,Miley Cyrus,2vwlzO0Qp8kfEtzTsCXfyE,2013-10-04,[]
118,Wake Me Up,Avicii,0nrRP2bk19rLc0orkWPQk2,2013-01-01,['edm']
119,Suit & Tie,Justin Timberlake,6vt0I1cw1YmAIKDJvHVIM5,2013-03-15,[]
120,Cups (Pitch Perfect's When I'm Gone),Anna Kendrick,2sCl0FFOzZSmYZs90zOpd1,2013-01-01,"[""children's music""]"
121,Holy Grail,Jay-Z,1q9bLSeIlGf2xBvbOkp2Wr,2013-07-04,"['hip hop', 'east coast hip hop', 'rap']"
122,Scream & Shout,will.i.am,2iJuuzV8P9Yz0VSurttIV5,2013-01-01,[]
123,Clarity,Zedd,60wwxj6Dd9NJlirf84wr2c,2012-01-01,['edm']
124,Sail,Awolnation,7ueP5u2qkdZbIPN2YA6LR0,2011-03-15,[]
125,Don't You Worry Child,Swedish House Mafia,2V65y3PX4DkRhy1djlxd9p,2012-09-14,['edm']
126,Diamonds,Rihanna,7i0jaBLpIADxqNbhAb4XFb,2012-12-10,[]
127,I Love It,Icona Pop,6HZ9VeI5IRFCNQLXhpF4bq,2013-08-27,[]
128,Safe and Sound,Capital Cities,5JVbvCHX10U2pLa5DEqGav,2013-06-04,[]
129,Treasure,Bruno Mars,55h7vJchibLdUkxdlX3fK7,2012-12-07,[]
130,The Way,Ariana Grande,0S4RKPbRDA72tvKwVdXQqe,2013-01-01,['pop']
131,Started from the Bottom,Drake,3dgQqOiQ9fCKVhNOedd2lf,2013-01-01,['rap']
132,Come & Get It,Selena Gomez,6LoQHIo74tOzQ8EsLEkhgF,2013-01-01,['pop']
133,"Hold On, We're Going Home",Drake,6jdOi5U5LBzQrc4c1VT983,2013-01-01,['rap']
134,Daylight,Maroon 5,1NNAI51EuoRWw1ydX1zV7S,2012-01-01,['pop']
135,Feel This Moment,Pitbull,0Hf4aIJpsN4Os2f0y0VqWl,2012,[]
136,Applause,Lady Gaga,5ka2ajep9OAvU5Sgduhiex,2013-11-11,"['art pop', 'pop']"
137,One More Night,Maroon 5,6cpk00i5TxCqSeqNi2HuIe,2012-01-01,['pop']
138,Love Me,Lil Wayne,2XHzzp1j4IfTNp1FTn7YFg,2013-01-01,"['rap', 'hip hop']"
139,My Songs Know What You Did in the Dark (Light Em Up),Fall Out Boy,2E43WFS4rRc09za2r2GmZl,2013-04-12,"['emo', 'pop punk', 'emo pop']"
140,Fuckin' Problems,ASAP Rocky,4X5f3vT8MRuXF68pfjNte5,2013,['rap']
141,Beauty and a Beat,Justin Bieber,6QFCMUUq1T2Vf5sFUXcuQ7,2012-01-01,[]
142,Same Love,Macklemore & Ryan Lewis,01uqI4H13Gsd8Lyl1EYd8H,2012-10-09,[]
143,Sweet Nothing,Calvin Harris,24LS4lQShWyixJ0ZrJXfJ5,2012-10-29,['edm']
144,Summertime Sadness,Lana Del Rey,3BJe4B8zGnqEdQPMvfVjuS,2012-01-01,[]
145,Home,Phillip Phillips,1EAgPzRbK9YmdOESSMUm6P,2012-01-01,['folk pop']
146,It's Time,Imagine Dragons,7MXlTgQeo3IVlMpLnZuhxc,2012-09-04,[]
147,Power Trip,J. Cole,2uwnP6tZVVmTovzX5ELooy,2013-06-18,['rap']
148,Girl on Fire,Alicia Keys,4esOae7i4rqTbAu9o5Pxco,2012-11-18,"['r&b', 'neo soul']"
149,Heart Attack,Demi Lovato,1V6gIisPpYqgFeWbMLI0bA,2013-01-01,[]
150,Love Somebody,Maroon 5,5H0ajL4EHsrcAEGESo2Lzx,2012-01-01,['pop']
151,I Will Wait,Mumford & Sons,5PRRthP9SLfbXB359MfIWv,2012-09-21,"['folk', 'indie folk', 'folk rock']"
152,Try,Pink,1jF7IL57ayN4Ity3jQqGu0,2012-09-18,[]
153,Wagon Wheel,Darius Rucker,3xdjjKMcMOFgo1eQrfbogM,2013-01-01,['country']
154,Gangnam Style,Psy,03UrZgTINDqvnUMbbIMhql,2012-01-01,['k-pop']
155,I Need Your Love,Calvin Harris,05SBRd4fXgn8FX7bf8BCAE,2012-10-29,['edm']
156,Die Young,Kesha,7EQGXaVSyEDsCWKmUcfpLk,2012-11-30,[]
157,Some Nights,Fun,67WTwafOMgegV6ABnBQxcE,2012-02-14,[]
158,Bad,Wale,5yhKaacMZGRo4s6evJx9vk,2013-06-25,[]
159,Boys 'Round Here,Blake Shelton,39FwE8edwuyiaa4PrGBkP7,2013-03-26,['country']
160,"Gone, Gone, Gone",Phillip Phillips,56sxN1yKg1dgOZXBcAHkJG,2012-01-01,['folk pop']
161,Demons,Imagine Dragons,5qaEfEh1AtSdrdrByCP7qR,2012-09-04,[]
162,Counting Stars,OneRepublic,2tpWsVSb9UEmDRxAl1zhX1,2013-01-01,['soft pop']
163,I Cry,Flo Rida,4bZd0nRuX8HyjeXAUBczvm,2012-06-22,[]
164,Little Talks,Of Monsters and Men,2ihCaVdNZmnHZWt0fvAM7B,2012-01-01,['folk pop']
165,The Other Side,Jason Derulo,6OPZtIV3uoZQT1YkoiEQH9,2013-09-10,[]
166,Berzerk,Eminem,6Xk7PnitV9jCRorWt2LiVZ,2013-11-05,"['rap', 'hip hop']"
167,Catch My Breath,Kelly Clarkson,7kAYyzVhWr3nSqAC7CUOWK,2012-10-15,['christmas']
168,Crash My Party,Luke Bryan,6GBUsjHfZuweYf5lQEz6mP,2013-01-01,"['country', 'acoustic country']"
169,Pour It Up,Rihanna,5r67bGhYXZNqk2m2Wupfmu,2012-12-11,[]
170,22,Taylor Swift,3yII7UwgLF6K5zW3xad3MP,2021-11-12,[]
171,I Want Crazy,Hunter Hayes,5H4BGxYudsHLks8MRrIVGh,2011,['country']
172,The Fox (What Does the Fox Say?),Ylvis,5HOpkTTVcmZHnthgyxrIL8,2013-09-02,[]
173,Best Song Ever,One Direction,5T7ZFtCcOgkpjxcuaeZbw0,2013-11-25,[]
174,The A Team,Ed Sheeran,1VdZ0vKfR5jneCmWIUAMxK,2011-09-09,['soft pop']
175,Carry On,Fun,5xZjfKSfTooDP2rcAgjxlH,2012-02-14,[]
176,Highway Don't Care,Tim McGraw,60hGQrn24APqEFSLObLeDc,2013-01-01,['country']
177,That's My Kind of Night,Luke Bryan,5HGibWoxnkYSkl6mHmAlOE,2013-01-01,"['country', 'acoustic country']"
178,Swimming Pools (Drank),Kendrick Lamar,6REbwUNlppTfcnV4d4ZoZi,2012-01-01,"['hip hop', 'west coast hip hop']"
179,Sure Be Cool If You Did,Blake Shelton,5yIiXdLRE85OBiQmCaUenq,2013-03-26,['country']
180,#Beautiful,Mariah Carey,1ahAuX3F6tDdNRfMdiLsv6,2014-05-23,['christmas']
181,Troublemaker,Olly Murs,6s8nHXTJVqFjXE4yVZPDHR,2012-11-26,[]
182,Body Party,Ciara,0rFZaQ4crlGAzuCjWCQ2xu,2013-07-05,[]
183,Adorn,Miguel,5hJFhO9dvhJoDvUZZ9iWSw,2012,['r&b']
184,Hall of Fame,The Script,7wMq5n8mYSKlQIGECKUgTX,2012-09-10,[]
185,Let Me Love You (Until You Learn to Love Yourself),Ne-Yo,4kte3OcW800TPvOVgrLLj8,2012-01-01,[]
186,U.O.E.N.O.,Rocko,0HFrCOmhCYXlv4NdEwRAuj,2013-03-05,['southern hip hop']
187,Next to Me,Emeli Sandé,3vjQt1znaFEnX3PBXsgtVc,2012-01-01,[]
188,Mama's Broken Heart,Miranda Lambert,2mXsZsJBThTaJXbNcg5QD4,2011-11-01,['country']
189,It Goes Like This,Thomas Rhett,2rGgjcjiq1JKRISnDuqlTA,2013-01-01,"['country', 'acoustic country', 'pop country']"
190,Bugatti,Ace Hood,08ljt6NCNAgewQaMya1URa,2013-01-01,[]
191,Wanted,Hunter Hayes,0f1svjHSiaCJif6noKKVHa,2011,['country']
192,Downtown,Lady Antebellum,4kY7rYtE4OQkJNq22OIYRI,2013-01-01,"['country', 'pop country']"
193,Get Your Shine On,Florida Georgia Line,29RpsWwBrDKyGIL5GRqzl7,2012-01-01,"['country', 'pop country', 'acoustic country']"
194,#thatPower,will.i.am,01TuObJVd7owWchVRuQbQw,2013-01-01,[]
195,Brave,Sara Bareilles,6Uy6K3KdmUdAfelUp0SeXn,2013-07-16,[]
196,Let Her Go,Passenger,2pUpNOgJBIBCcjyQZQ00qU,2013-11-29,['folk pop']
197,Runnin' Outta Moonlight,Randy Houser,4vlJejZrcujj0nSCqIBeWn,2013-01-22,"['country', 'acoustic country']"
198,I'm Different,2 Chainz,1odwi1SN3pJKENZe12U2OQ,2012-01-01,"['southern hip hop', 'rap']"
199,Still Into You,Paramore,1yjY7rpaAQvKwpdUliHx0d,2013-04-05,"['pop punk', 'emo', 'emo pop']"
200,Happy,Pharrell Williams,60nZcImufyMA1MKQY3dcCH,2014-03-03,[]
201,Dark Horse,Katy Perry,4jbmgIyjGoXjY01XxatOx6,2013-01-01,['pop']
202,All of Me,John Legend,3U4isOIWM3VvDubwSI3y7a,2013-08-30,"['soft pop', 'neo soul']"
203,Fancy,Iggy Azalea,3W3KtDwAIg3mAruSpnfG3Q,2014-01-01,[]
204,Counting Stars,OneRepublic,2tpWsVSb9UEmDRxAl1zhX1,2013-01-01,['soft pop']
205,Talk Dirty,Jason Derulo,5l3CML2OnzfNs5RfVgbcLt,2013-09-10,[]
206,Rude,Magic!,6RtPijgfPKROxEzTHNRiDp,2014-06-25,[]
207,All About That Bass,Meghan Trainor,5jE48hhRu8E6zBDPRSkEq7,2015-01-12,[]
208,Problem,Ariana Grande,7vS3Y0IKjde7Xg85LWIEdP,2014-08-22,['pop']
209,Stay with Me,Sam Smith,5Nm9ERjJZ5oyfXZTECKmRt,2014-05-26,['soft pop']
210,Timber,Pitbull,3cHyrEgdyYRjgJKSOiOtcS,2012,[]
211,Pompeii,Bastille,6fNhZRFEkBfgW39W3wKARJ,2013-01-01,[]
212,Shake It Off,Taylor Swift,0cqRj7pUJDkTCEsJkx8snD,2014-01-01,[]
213,Am I Wrong,Nico & Vinz,1fidCEsYlaVE3pHwKCvpFZ,2014,[]
214,Turn Down for What,DJ Snake & Lil Jon,67awxiNHNyjMXhVgsHuIrs,2013-12-18,[]
215,The Monster,Eminem,48RrDBpOSSl1aLVCalGl5C,2013-11-05,"['rap', 'hip hop']"
216,Say Something,A Great Big World & Christina Aguilera,5TvE3pk05pyFIGdSY9j4DJ,2014-01-13,[]
217,Team,Lorde,3G6hD9B2ZHOsgf4WfNu7X1,2013-09-27,[]
218,Let Her Go,Passenger,2pUpNOgJBIBCcjyQZQ00qU,2013-11-29,['folk pop']
219,Royals,Lorde,2dLLR6qlu5UJ5gk0dKz0h3,2013-09-27,[]
220,Let It Go,Idina Menzel,0qcr5FMsEO85NAQjrlDRKo,2013-01-01,['musicals']
221,Wake Me Up,Avicii,0nrRP2bk19rLc0orkWPQk2,2013-01-01,['edm']
222,Demons,Imagine Dragons,5qaEfEh1AtSdrdrByCP7qR,2012-09-04,[]
223,Story of My Life,One Direction,4nVBt6MZDDP6tRVdQTgxJg,2013-11-25,[]
224,Chandelier,Sia,4VrWlk8IQxevMvERoX08iC,2014-07-04,[]
225,Black Widow,Iggy Azalea,71vsEyBd4X1D5BUmLdFSVH,2014-01-01,[]
226,Bang Bang,Jessie J & Ariana Grande & Nicki Minaj,0puf9yIluy9W0vpMEUoAnN,2014-10-10,[]
227,Latch,Disclosure,51ODNNDZm21HU7wI7cccRr,2013-06-03,['house']
228,Maps,Maroon 5,7oUHzZKNKUTrlU7DYxhQ7v,2015-05-18,['pop']
229,Loyal,Chris Brown,5BrTUo0xP1wKXLJWUaGFtk,2014-09-16,['r&b']
230,Best Day of My Life,American Authors,5Hroj5K7vLpIG4FNCRIjbP,2014-01-01,[]
231,Habits (Stay High),Tove Lo,18AJRdgUoO9EYn11N7xzaT,2014-09-24,[]
232,Summer,Calvin Harris,6YUTL4dYpB9xZO5qExPf05,2014-10-31,['edm']
233,Boom Clap,Charli XCX,7982sGZuvo5OXsY6REzgIn,2014-12-15,"['hyperpop', 'art pop']"
234,Drunk in Love,Beyoncé,6jG2YzhxptolDzLHTGLt7S,2014-11-24,[]
235,Anaconda,Nicki Minaj,5eqiMMbaeUZ32Q7sS00H35,2014-12-12,[]
236,Break Free,Ariana Grande,12KUFSHFgT0XCoiSlvdQi4,2014-08-22,['pop']
237,Bailando,Enrique Iglesias,5M830cD7MNeiiwIGHzH9TV,2014-07-04,"['latin pop', 'latin']"
238,Burn,Ellie Goulding,5lF0pHbsJ0QqyIrLweHJPW,2012-10-12,[]
239,Wiggle,Jason Derulo,4B4zDmbHdkXZ1wUJv1yKFy,2013-09-10,[]
240,Rather Be,Clean Bandit,61dCUoMCg28qEBzrW6htYM,2014-06-02,[]
241,Don't Tell 'Em,Jeremih,0Dc7J9VPV4eOInoxUiZrsL,2015-12-04,[]
242,Show Me,Kid Ink,4q6dqyGM25sKFU8nYAGRe4,2014-01-06,[]
243,Wrecking Ball,Miley Cyrus,2vwlzO0Qp8kfEtzTsCXfyE,2013-10-04,[]
244,Not a Bad Thing,Justin Timberlake,3nB82yGjtbQFSU0JLAwLRH,2013-09-27,[]
245,Roar,Katy Perry,27tNWlhdAryQY04Gb2ZhUI,2013-01-01,['pop']
246,Ain't It Fun,Paramore,1j8z4TTjJ1YOdoFEDwJTQa,2013-04-05,"['pop punk', 'emo', 'emo pop']"
247,The Man,Aloe Blacc,4e6ZN0EcEqYx74BTC5xQzy,2013-01-01,[]
248,This Is How We Roll,Florida Georgia Line,2TR7A4ulH9R1PNwMyd8o8U,2013-01-01,"['country', 'pop country', 'acoustic country']"
249,Classic,MKTO,6FE2iI43OZnszFLuLtvvmg,2012,[]
250,A Sky Full of Stars,Coldplay,0FDzzruyVECATHXKHFs9eJ,2014-05-16,[]
251,Don't,Ed Sheeran,1huvTbEYtgltjQRXzrNKGi,2014-06-21,['soft pop']
252,Na Na,Trey Songz,5LIleJbUUgtvYnBW9wfY1W,2015-06-23,['r&b']
253,Hot Boy,Bobby Shmurda,4wfzdHEUMd2badwM40lLXu,2014-11-10,[]
254,"Hold On, We're Going Home",Drake,6jdOi5U5LBzQrc4c1VT983,2013-01-01,['rap']
255,Sing,Ed Sheeran,6K8qKeWo5MsFED7wCR6Kop,2014-06-21,['soft pop']
256,Radioactive,Imagine Dragons,62yJjFtgkhUrXktIoSjgP2,2012-09-04,[]
257,My Hitta,YG,5Egr4Kxqr7VGlwLz2FulYL,2014-03-18,[]
258,Cool Kids,Echosmith,13P5rwmk2EsoFRIz9UCeh9,2013-10-04,[]
259,Hey Brother,Avicii,4lhqb6JvbHId48OUJGwymk,2013-01-01,['edm']
260,Trumpets,Jason Derulo,6jizk5lOUnfpaZXYMdfeC6,2013-09-10,[]
261,Animals,Maroon 5,3h4T9Bg8OVSUYa6danHeH5,2015-05-18,['pop']
262,Burnin' It Down,Jason Aldean,32FcjEWPn4aSRqJ6loL01b,2014-10-07,"['country', 'acoustic country']"
263,Play It Again,Luke Bryan,03fT3OHB9KyMtGMt2zwqCT,2013-01-01,"['country', 'acoustic country']"
264,2 On,Tinashe,3jVtllWS5CFFWLQng8sKsr,2014-10-01,['alternative r&b']
265,Dirt,Florida Georgia Line,5CXnIPD6rTjszYYQm6fY2P,2014-10-14,"['country', 'pop country', 'acoustic country']"
266,Love Runs Out,OneRepublic,3cOO5IQtOYs7huq4Z6lYfr,2014-01-01,['soft pop']
267,Bottoms Up,Brantley Gilbert,7nDoBWDvf02SyD8kEQuuPO,2014-01-01,"['country', 'country rock', 'country hip hop', 'acoustic country']"
268,Shower,Becky G,3DmW6y7wTEYHJZlLo1r6XJ,2014-04-23,"['reggaeton', 'latin']"
269,Me and My Broken Heart,Rixton,1oew3nFNY3vMacJAsvry0S,2014-01-01,[]
270,Animals,Martin Garrix,0A9mHc7oYUoCECqByV8cQR,2013-06-17,"['edm', 'electronica', 'progressive house']"
271,Lifestyle,Rich Gang,7DTlsMOQjGysXHpwwpHuPl,2014-06-05,[]
272,American Kids,Kenny Chesney,1dgWTMoHwTUnQhOQ8SR5fV,2014-09-22,['country']
273,Brave,Sara Bareilles,6Uy6K3KdmUdAfelUp0SeXn,2013-07-16,[]
274,Sweater Weather,The Neighbourhood,2QjOHCTQ1Jl3zawyYOpxh6,2013-04-22,[]
275,Leave the Night On,Sam Hunt,3wx2kQWPn9p5UppQbNhPAk,2014-10-24,"['country', 'pop country']"
276,New Flame,Chris Brown,3fBbfrWZUuWWrMQXFISr7N,2014-09-16,['r&b']
277,Love Never Felt So Good,Michael Jackson & Justin Timberlake,48td6xvpokdYwvbl3JIiXP,2014-05-09,[]
278,Drunk on a Plane,Dierks Bentley,1soxUgYIZb1qx1c7o1Lc7z,2014-01-01,['country']
279,Birthday,Katy Perry,2xLOMHjkOK8nzxJ4r6yOKR,2013-10-18,['pop']
280,Bartender,Lady Antebellum,1qFQKFt9fp1LU9QsvFbyPS,2014-09-30,"['country', 'pop country']"
281,La La La,Naughty Boy,3wPPWcVuinAU7dXcJXtCID,2013-01-01,[]
282,Blurred Lines,Robin Thicke,0n4bITAu0Y0nigrz3MFJMb,2013-01-01,[]
283,Do What U Want,Lady Gaga,5XKXMWPACPq51OiqzxenZo,2013-10-21,"['art pop', 'pop']"
284,Can't Remember to Forget You,Shakira,7o1Pm9jpH0wFpN5g793Lnq,2014-03-13,['latin pop']
285,Amnesia,5 Seconds of Summer,0dIOvducp7ujHTqj66cQ3X,2014-06-27,[]
286,No Mediocre,T.I.,0SqUFLaRXwufRUsJ0t4dXB,2014-10-17,['southern hip hop']
287,Come with Me Now,KONGOS,2kWowW0k4oFymhkr7LmvzO,2014-01-27,[]
288,Believe Me,Lil Wayne,6t2eIONH4Sax3R21QWiKNp,2014-05-28,"['rap', 'hip hop']"
289,23,Mike WiLL Made-It,20FZrLl9zSbO9b3DhaqO6M,2013-01-01,[]
290,Beachin',Jake Owen,5dNGORzxFb5z3v7vSAFkTU,2013-12-02,"['country', 'acoustic country']"
291,White Walls,Macklemore & Ryan Lewis,1MFD6gdVDjFFMM8ItH9ZhI,2012-10-09,[]
292,She Looks So Perfect,5 Seconds of Summer,1CQ2cMfrmFM1YdfmjENKVE,2014-06-27,[]
293,Stay the Night,Zedd,4bT2zLVv2T4GiK9q9KtI0v,2014-01-01,['edm']
294,Partition,Beyoncé,5hgnY0mVcVetszbb85qeDg,2014-11-24,[]
295,Studio,ScHoolboy Q,29gsi1zZrZxdStACmTQB0Z,2014-01-01,[]
296,0 to 100 / The Catch Up,Drake,4jtyUzZm9WLc2AdaJ1dso7,2013-07-14,['rap']
297,I Don't Dance,Lee Brice,5aj0xPGiEUN3aI2oOYu14S,2014-09-09,"['country', 'acoustic country']"
298,Somethin' Bad,Miranda Lambert & Carrie Underwood,6s9m5J92By7jii22Q2XtY2,2014-06-02,['country']
299,Adore You,Miley Cyrus,5AnCLGg35ziFOloEnXK4uu,2013-10-04,[]
300,Uptown Funk,Mark Ronson,32OlwWuMpZ6b0aN2RZOeMS,2015-01-12,[]
301,Thinking Out Loud,Ed Sheeran,34gCuhDGsG4bRPIf9bb02f,2014-06-21,['soft pop']
302,See You Again,Wiz Khalifa,2JzZzZUQj3Qff7wapcbKjc,2015,['rap']
303,Trap Queen,Fetty Wap,2d8JP84HNLKhmd6IYOoupQ,2015-09-25,[]
304,Sugar,Maroon 5,5d6Mjuu2uCGRPYpFjGpCX5,2015-05-18,['pop']
305,Shut Up and Dance,Walk the Moon,4kbj5MwxO1bq9wjT5g9HaA,2014-12-02,[]
306,Blank Space,Taylor Swift,1u8c2t2Cy7UBoG4ArRcF5g,2014-01-01,[]
307,Watch Me,Silentó,5RIVoVdkDLEygELLCniZFr,2015-05-04,[]
308,Earned It,The Weeknd,1cQ3LIkZE68pMSnPhZWXLu,2021-02-05,[]
309,The Hills,The Weeknd,7fBv7CLKzipRk6EC6TWHOB,2015-08-28,[]
310,Cheerleader,OMI,7vFoFDWqTX0mHzLfrF1Cfy,2015-10-16,[]
311,Can't Feel My Face,The Weeknd,22VdIZQfgXJea34mQxlt81,2015-08-28,[]
312,Love Me Like You Do,Ellie Goulding,0Cy7wt6IlRfBPHXXjmZbcP,2018-02-09,[]
313,Take Me to Church,Hozier,3dYD57lRAUcMHufyqn9GcI,2014-09-19,[]
314,Bad Blood,Taylor Swift,0TvQLMecTE8utzoNmvXRbK,2014-01-01,[]
315,Lean On,Major Lazer & DJ Snake,3qTT9L5f68FWVkaYqHjKpq,2019-03-05,['moombahton']
316,Want to Want Me,Jason Derulo,7oGZAicScQt96OAW4AruYy,2015-05-29,[]
317,Shake It Off,Taylor Swift,0cqRj7pUJDkTCEsJkx8snD,2014-01-01,[]
318,Where Are Ü Now,Skrillex & Diplo & Jack Ü,66hayvUbTotekKU3H4ta1f,2015-02-24,[]
319,Fight Song,Rachel Platten,37f4ITSlgPX81ad2EvmVQr,2016-01-01,[]
320,679,Fetty Wap,5NQbUaeTEOGdD6hHcre0dZ,2015-06-29,[]
321,Lips Are Movin,Meghan Trainor,3fNaQSMgFrYTkTshRX7J1u,2015-01-09,[]
322,Worth It,Fifth Harmony,41Fflg7qHiVOD6dEPvsCzO,2015-01-30,[]
323,Post to Be,Omarion,0fgZUSa7D7aVvv3GfO0A1n,2014-12-02,['r&b']
324,"Honey, I'm Good.",Andy Grammer,4Tt6GiWS2V9sQjZjS2xjp2,2014-08-05,[]
325,I'm Not the Only One,Sam Smith,7795WJLVKJoAyVoOtCWqXN,2014-05-26,['soft pop']
326,Good for You,Selena Gomez,5xdVqHtFS0eLuNp4Z8Wbpa,2015-10-09,['pop']
327,All About That Bass,Meghan Trainor,5jE48hhRu8E6zBDPRSkEq7,2015-01-12,[]
328,Style,Taylor Swift,0ug5NqcwcFR2xrfTkc7k8e,2014-01-01,[]
329,Hotline Bling,Drake,0wwPcA6wtMf6HUMpIRdeP7,2016-05-06,['rap']
330,Hey Mama,David Guetta,285HeuLxsngjFn4GGegGNm,2014-11-10,"['edm', 'dance']"
331,G.D.F.R.,Flo Rida,3D2L5xPKcnsYFjUAAFm4AS,2015-01-21,[]
332,What Do You Mean?,Justin Bieber,4B0JvthVoAAuygILe3n4Bs,2015-11-13,[]
333,Photograph,Ed Sheeran,1HNkqx9Ahdgi1Ixy2xkKkL,2014-06-21,['soft pop']
334,Hello,Adele,1Yk0cQdMLx5RzzFTYwmuld,2015-11-20,['soft pop']
335,Stitches,Shawn Mendes,5jsw9uXEGuKyJzs0boZ1bT,2015-04-14,[]
336,Talking Body,Tove Lo,7cgu4JBW3hq1GwTM1ilkKQ,2014-09-24,[]
337,Jealous,Nick Jonas,2RqtfcLB7iOZj0zYB8Auhu,2015-11-20,[]
338,Time of Our Lives,Pitbull & Ne-Yo,2bJvI42r8EF3wxjOuDav4r,2014-11-24,[]
339,Locked Away,R. City,7x5xYW5W42OGPAdHUyyguy,2015-10-09,[]
340,Somebody,Natalie La Rose,7ioiB40H9xKs04QtIso2I3,2014-01-06,[]
341,FourFiveSeconds,Rihanna & Kanye West & Paul McCartney,78TTtXnFQPzwqlbtbwqN0y,2015-01-24,[]
342,Centuries,Fall Out Boy,04aAxqtGp5pv12UXAg4pkq,2015-01-16,"['emo', 'pop punk', 'emo pop']"
343,My Way,Fetty Wap,1WoOzgvz6CgH4pX6a1RKGp,2015-09-25,[]
344,Take Your Time,Sam Hunt,6DEaND0SHv3sC11xobZLiy,2014-10-24,"['country', 'pop country']"
345,Animals,Maroon 5,3h4T9Bg8OVSUYa6danHeH5,2015-05-18,['pop']
346,I Don't Fuck with You,Big Sean,7FYH5AW3bVfZHJIQpq3UOA,2015-02-23,[]
347,Bitch Better Have My Money,Rihanna,0NTMtAO2BV4tnGvw9EgBVq,2015-03-26,[]
348,"Flex (Ooh, Ooh, Ooh)",Rich Homie Quan,4T0ScSPdQKmGvruK7pavNP,2015-02-10,['southern hip hop']
349,Nasty Freestyle,T-Wayne,0PT7nlpo11hYYyfnBgtilT,2015-05-04,[]
350,Only,Nicki Minaj,1UZ25gykR30Oewh3dBRtVZ,2014-12-12,[]
351,Elastic Heart,Sia,6kwAbEjseqBob48jCus7Sz,2014-07-04,[]
352,Cool for the Summer,Demi Lovato,3uwnnTQcHM1rDqSfA4gQNz,2015-01-01,[]
353,Renegades,X Ambassadors,0fYVliAYKHuPmECRs1pbRf,2015-06-30,[]
354,I Don't Mind,Usher,7aXuop4Qambx5Oi3ynsKQr,2014-11-21,['r&b']
355,Love Me Harder,Ariana Grande & The Weeknd,5J4ZkQpzMUFojo1CtAZYpn,2014-08-22,['pop']
356,Wildest Dreams,Taylor Swift,3fVnlF4pGqWI9flVENcT28,2014-01-01,[]
357,Stay with Me,Sam Smith,5Nm9ERjJZ5oyfXZTECKmRt,2014-05-26,['soft pop']
358,You Know You Like It,DJ Snake & AlunaGeorge,57kR5SniQIbsbVoIjjOUDa,2014-10-14,[]
359,Uma Thurman,Fall Out Boy,5PUawWFG1oIS2NwEcyHaCr,2015-01-16,"['emo', 'pop punk', 'emo pop']"
360,7/11,Beyoncé,02M6vucOvmRfMxTXDUwRXu,2014-11-24,[]
361,The Heart Wants What It Wants,Selena Gomez,6wJwkMo278iWVlWl1XQ4WA,2014-01-01,['pop']
362,Girl Crush,Little Big Town,11qh54D0PKkBwelpDxxiEU,2014-10-17,['country']
363,Slow Motion,Trey Songz,4NYwy0R3NdvORX2B6OZXBT,2015-06-23,['r&b']
364,Drag Me Down,One Direction,2K87XMYnUMqLcX3zvtAF4G,2015-11-13,[]
365,Truffle Butter,Nicki Minaj,7e44z4wOjkllaD8eulUeMd,2014-12-15,[]
366,One Last Time,Ariana Grande,7xoUc6faLbCqZO6fQEYprd,2014-08-22,['pop']
367,Chains,Nick Jonas,5UsW4W8VgHrRLDzXQ9XSpt,2016-06-10,[]
368,All Eyes on You,Meek Mill,0hy1SOTEn9ifXTzOwnCwEr,2015-06-29,['rap']
369,No Type,Rae Sremmurd,4scpF6J5uMBvoh6sFB7EL1,2015-01-06,[]
370,Riptide,Vance Joy,7yq4Qj7cqayVTp3FF9CWbm,2014-09-08,['folk pop']
371,Classic Man,Jidenna,3G7XYAwtxtoGK7fAm4IlD9,2015-02-03,[]
372,Ex's & Oh's,Elle King,70eDxAyAraNTiD6lx2ZEnH,2015-02-13,[]
373,Dear Future Husband,Meghan Trainor,3cU2wBxuV6nFiuf6PJZNlC,2015-01-12,[]
374,Marvin Gaye,Charlie Puth,4LfkoDOt4mhrbo8Ndk37sQ,2015-11-05,"['soft pop', 'pop']"
375,Like I'm Gonna Lose You,Meghan Trainor,2YlZnw2ikdb837oKMKjBkW,2015-01-12,[]
376,Habits (Stay High),Tove Lo,18AJRdgUoO9EYn11N7xzaT,2014-09-24,[]
377,The Hanging Tree,James Newton Howard,416MsJxvxSKY96DCmbJIRs,2014-11-21,['soundtrack']
378,CoCo,O.T. Genasis,2JI71GHwq2LN8mtq3iCLYo,2014-11-10,[]
379,Bang Bang,Jessie J & Ariana Grande & Nicki Minaj,0puf9yIluy9W0vpMEUoAnN,2014-10-10,[]
380,Lay Me Down,Sam Smith,74sb4Gib0cL3TQeCjYF8vh,2014-05-26,['soft pop']
381,Tuesday,ILoveMakonnen,35rSpXB5bk9ega9jsjcRts,2014-12-15,[]
382,Hit the Quan,iLoveMemphis,4OjuzM3rTWp3q60mEldNSF,2015-10-09,[]
383,Downtown,Macklemore & Ryan Lewis,5pfJsMwoRYKampPay8amX0,2016-02-26,[]
384,House Party,Sam Hunt,1TwLKNsCnhi1HxbIi4bAW0,2014-10-24,"['country', 'pop country']"
385,Ayo,Chris Brown & Tyga,0k6DnZMLoEUH8NGD5zh2SE,2015-02-24,['r&b']
386,Kick the Dust Up,Luke Bryan,5g15o2Sm55Hn9ShK5yEXgp,2015-08-07,"['country', 'acoustic country']"
387,Blessings,Big Sean,1bzM1cd6oqFozdr4wK6HdR,2015-02-23,[]
388,Budapest,George Ezra,2ixsaeFioXJmMgkkbd4uj1,2014-06-30,[]
389,Chandelier,Sia,4VrWlk8IQxevMvERoX08iC,2014-07-04,[]
390,Heartbeat Song,Kelly Clarkson,7FC9Lng8iXU081lbigu8m8,2015-02-27,['christmas']
391,Don't,Ed Sheeran,1huvTbEYtgltjQRXzrNKGi,2014-06-21,['soft pop']
392,Ghost,Ella Henderson,4XPWKmy05Rcff6TLHNoNF8,2014-10-13,[]
393,Here,Alessia Cara,5zUQZjVB6bfewBXWqsP9PY,2015-11-13,[]
394,Waves,Mr Probz,1HFfMOxCAT4GAwaPfCdmUs,2014-02-07,[]
395,El Perdón,Nicky Jam & Enrique Iglesias,7qCAVkHWZkF44OzOUKf8Cr,2017-01-20,"['reggaeton', 'latin']"
396,She Knows,Ne-Yo,36lO0n3hzVK9zJONfSdmKC,2015-02-13,[]
397,Night Changes,One Direction,5O2P9iiztwhomNh8xkR9lJ,2014-11-17,[]
398,Back to Back,Drake,5lFDtgWsjRJu8fPOAyJIAK,2015-07-31,['rap']
399,How Deep Is Your Love,Calvin Harris & Disciples,4slBllHFZYlpg3IjeX5CBl,2024-08-08,['edm']
400,Love Yourself,Justin Bieber,50kpGaPAhYJ3sGmk6vplg0,2015-11-13,[]
401,Sorry,Justin Bieber,09CtPGIpYB4BrO8qb1RGsF,2015-11-13,[]
402,One Dance,Drake,1zi7xx7UVEFkmKfv06H8x0,2016-05-06,['rap']
403,Work,Rihanna,72TFWvU3wUYdUuxejTTIzt,2016-01-28,[]
404,Stressed Out,Twenty One Pilots,3CRDbSIZ4r5MsZ0YwxuEkn,2015-05-15,[]
405,Panda,Desiigner,275a9yzwGB6ncAW4SxY7q3,2016-02-26,[]
406,Hello,Adele,1Yk0cQdMLx5RzzFTYwmuld,2015-11-20,['soft pop']
407,Don't Let Me Down,The Chainsmokers,1i1fxkWeaMmKEB4T7zqbzK,2016-02-05,[]
408,Can't Stop the Feeling!,Justin Timberlake,6JV2JOEocMgcZxYSZelKcc,2016-05-06,[]
409,Closer,The Chainsmokers,7BKLCZ1jbUBVqRi2FVlTVw,2016-07-29,[]
410,Cheap Thrills,Sia,27SdWb2rFzO6GWiYDBTD9j,2016-01-29,[]
411,7 Years,Lukas Graham,5kqIPrATaCc2LqxVWzQGbk,2016-04-01,[]
412,Needed Me,Rihanna,4pAl7FkDMNBsjykPXo91B3,2016-01-28,[]
413,My House,Flo Rida,6Knv6wdA0luoMUuuoYi2i1,2015-04-07,[]
414,I Took a Pill in Ibiza,Mike Posner,0vbtURX4qv1l7besfwmnD8,2016-05-06,[]
415,Work from Home,Fifth Harmony,4tCtwWceOPWzenK2HAIJSb,2016-05-27,[]
416,This Is What You Came For,Calvin Harris,2vlDrKpOC0eSTqTDRcbYyw,2024-08-08,['edm']
417,Cake by the Ocean,DNCE,76hfruVvmfQbw0eYn1nmeC,2016-11-18,[]
418,"Me, Myself & I",G-Eazy & Bebe Rexha,40YcuQysJ0KlGQTeGUosTC,2015-12-04,[]
419,Ride,Twenty One Pilots,2Z8WuEywRWYTKe1NybPQEW,2015-05-15,[]
420,Heathens,Twenty One Pilots,6i0V12jOa3mr6uu4WYhUBr,2016-06-16,[]
421,Pillowtalk,Zayn,0PDUDa38GO8lMxLCRc4lL1,2016-03-25,[]
422,Stitches,Shawn Mendes,5jsw9uXEGuKyJzs0boZ1bT,2015-04-14,[]
423,Hotline Bling,Drake,0wwPcA6wtMf6HUMpIRdeP7,2016-05-06,['rap']
424,Cold Water,Major Lazer,13pVIIellD76zNT1APT1De,2018-10-19,['moombahton']
425,Send My Love (To Your New Lover),Adele,563SfWAHJs4FBZMkRN0IFN,2015-11-20,['soft pop']
426,Roses,The Chainsmokers,3vv9phIu6Y1vX3jcqaGz5Z,2015-06-16,[]
427,Treat You Better,Shawn Mendes,3QGsuHI8jO1Rx4JWLUh9jd,2017-04-20,[]
428,Too Good,Drake,3BtuIIrQlkujKPuWF2B85z,2016-05-06,['rap']
429,Low Life,Future,7EiZI6JVHllARrX9PUvAdX,2016-04-13,['rap']
430,What Do You Mean?,Justin Bieber,4B0JvthVoAAuygILe3n4Bs,2015-11-13,[]
431,The Hills,The Weeknd,7fBv7CLKzipRk6EC6TWHOB,2015-08-28,[]
432,Just Like Fire,P!nk,7K5dzhGda2vRTaAWYI3hrb,2016-04-15,[]
433,Broccoli,DRAM,7yyRTcZmCiyzzJlNzGC9Ol,2016-10-21,[]
434,Don't,Bryson Tiller,3pXF1nA74528Edde4of9CC,2015-10-02,['r&b']
435,Dangerous Woman,Ariana Grande,3nef5W8jTkXrOKgCu4kmq7,2016-04-01,['pop']
436,Jumpman,Drake & Future,27GmP9AWRs744SzKcpJsTZ,2015-09-20,['rap']
437,"I Hate U, I Love U",Gnash,7vRriwrloYVaoAe3a9wJHe,2016-03-25,[]
438,Here,Alessia Cara,5zUQZjVB6bfewBXWqsP9PY,2015-11-13,[]
439,Same Old Love,Selena Gomez,6ZANrVuAMp2rpjhfbOuJly,2015-10-09,['pop']
440,Controlla,Drake,3O8NlPh2LByMU9lSRSHedm,2016-05-06,['rap']
441,Like I'm Gonna Lose You,Meghan Trainor,2YlZnw2ikdb837oKMKjBkW,2015-01-12,[]
442,One Call Away,Charlie Puth,5MwIGPDKeDb7SpblcaQP6O,2015-11-05,"['soft pop', 'pop']"
443,Let It Go,James Bay,3nnG7AM9QopHVPEuLX3Khk,2015-03-20,[]
444,No,Meghan Trainor,0l0CvurVUrr2w3Jj1hOVFc,2017-05-12,[]
445,Never Forget You,Zara Larsson & MNEK,6hmhG1b4LEyNuashVvuIAo,2017-03-17,[]
446,Let Me Love You,DJ Snake,0lYBSQXN6rCTvUZvg9S0lU,2016-08-05,[]
447,Don't Mind,Kent Jones,27PmvZoffODNFW2p7ehZTQ,2016-04-25,[]
448,H.O.L.Y.,Florida Georgia Line,0BCy325UZyR9z0t0uxwn2N,2016-08-26,"['country', 'pop country', 'acoustic country']"
449,We Don't Talk Anymore,Charlie Puth,06KyNuuMOX1ROXRhj787tj,2016-01-29,"['soft pop', 'pop']"
450,Into You,Ariana Grande,76FZM38RC8XaAjJ77CVTNe,2016-04-01,['pop']
451,Gold,Kiiara,7yNX3ZFBWZoR52pbeU4Mcl,2020-10-09,[]
452,Exchange,Bryson Tiller,43PuMrRfbyyuz4QpZ3oAwN,2015-10-02,['r&b']
453,679,Fetty Wap,5NQbUaeTEOGdD6hHcre0dZ,2015-06-29,[]
454,Oui,Jeremih,0PJIbOdMs3bd5AT8liULMQ,2015-12-04,[]
455,Hands to Myself,Selena Gomez,3CJvmtWw2bJsudbAC5uCQk,2015-10-09,['pop']
456,2 Phones,Kevin Gates,0wdKiSBUT7aZkXUIdJWcwC,2016-01-29,[]
457,Starboy,The Weeknd,7MXVkk9YMctZqd1Srtv4MB,2016-11-25,[]
458,For Free,DJ Khaled,20bLudc6r1NChyZcrjRd7T,2016-06-03,[]
459,Never Be Like You,Flume,7hZhKh0NmmlUfoQkUkCflm,2016-05-27,['future bass']
460,In the Night,The Weeknd,25KybV9BOUlvcnv7nN3Pyo,2015-08-28,[]
461,Me Too,Meghan Trainor,3KwwE4sgCzMaKWq6QBebmX,2017-05-12,[]
462,Ex's & Oh's,Elle King,70eDxAyAraNTiD6lx2ZEnH,2015-02-13,[]
463,Die a Happy Man,Thomas Rhett,5kNe7PE09d6Kvw5pAsx23n,2015-01-01,"['country', 'acoustic country', 'pop country']"
464,White Iverson,Post Malone,6eT7xZZlB2mwyzJ2sUKG6w,2016-12-09,[]
465,Close,Nick Jonas,3lSDIJ2abCrOdDJ6pshUap,2016-06-10,[]
466,Unsteady,X Ambassadors,7lGKEWMXVWWTt3X71Bv44I,2015-06-30,[]
467,Sucker for Pain,Lil Wayne & Wiz Khalifa & Imagine Dragons & Logic & Ty Dolla Sign,4dASQiO1Eoo3RJvt74FtXB,2016-06-24,"['rap', 'hip hop']"
468,Down in the DM,Yo Gotti,5w1vhNA2OEWUQ371QzyMmM,2016-02-19,"['memphis rap', 'southern hip hop']"
469,Luv,Tory Lanez,16Ah4QqH4mgYVXqfC4mdSd,2016-08-19,[]
470,Sorry,Beyoncé,0lnIJmgcUpEpe4AZACjayW,2016-04-23,[]
471,Can't Feel My Face,The Weeknd,22VdIZQfgXJea34mQxlt81,2015-08-28,[]
472,Hymn for the Weekend,Coldplay,3RiPr603aXAoi4GHyXx0uy,2015-12-04,[]
473,Say It,Tory Lanez,2Gyc6e2cLxA5hoX1NOvYnU,2016-08-19,[]
474,Antidote,Travis Scott,1wHZx0LgzFHyeIZkUydNXq,2015-09-04,['rap']
475,Lost Boy,Ruth B,0zMzyHAeMvwq5CRstru1Fp,2017-05-05,[]
476,Side to Side,Ariana Grande,44ONERBHALxftQNWq6dmyd,2016-04-01,['pop']
477,"Sit Still, Look Pretty",Daya,6w2rrJsn8Qpa7veSaVAyKh,2016-10-07,[]
478,Wildest Dreams,Taylor Swift,3fVnlF4pGqWI9flVENcT28,2014-01-01,[]
479,Middle,DJ Snake,0g5EKLgdKvNlln7TNqBByK,2016-08-05,[]
480,On My Mind,Ellie Goulding,5a7NdkF09AfD0H607eiOkX,2015-11-06,[]
481,Pop Style,Drake,5mPSyjLatqB00IkPqRlbTE,2016-05-06,['rap']
482,When We Were Young,Adele,6O5TrlFWTYvznd9fMC0VvU,2015-11-20,['soft pop']
483,Hide Away,Daya,3WALaE7UdNXx8VJ4lpWCK8,2016-10-07,[]
484,Lean On,Major Lazer & DJ Snake,3qTT9L5f68FWVkaYqHjKpq,2019-03-05,['moombahton']
485,I Know What You Did Last Summer,Shawn Mendes & Camila Cabello,2GyA33q5rti5IxkMQemRDH,2015-04-14,[]
486,All the Way Up,Fat Joe & Remy Ma,7Ezwtgfw7khBrpvaNPtMoT,2017-02-17,['east coast hip hop']
487,Watch Me,Silentó,5RIVoVdkDLEygELLCniZFr,2015-05-04,[]
488,Back to Sleep,Chris Brown,6dlpABcXrQKRU9G00i6Zba,2015-12-18,['r&b']
489,No Limit,Usher,1CDBn2Lm7E63XKQDsdCq6O,2016-09-16,['r&b']
490,Cut It,O.T. Genasis,376KnY4TrgBITxjlnbnmIy,2015-09-25,[]
491,Really Really,Kevin Gates,10I3CmmwT0BkOVhduDy53o,2016-01-29,[]
492,All In My Head (Flex),Fifth Harmony,7nD9nN3jord9wWcfW3Gkcm,2016-05-27,[]
493,Starving,Hailee Steinfeld & Grey,4Ce37cRWvM1vIGGynKcs22,2016-07-22,[]
494,Adventure of a Lifetime,Coldplay,69uxyAqqPIsUyTO8txoP2M,2015-12-04,[]
495,Humble and Kind,Tim McGraw,4Pn0JlCUusD2QHjADuOzuV,2015-01-01,['country']
496,Wicked,Future,6BbINUfGabVyiNFJpQXn3x,2016-04-13,['rap']
497,Tiimmy Turner,Desiigner,3NJG6vMH1ZsectZkocMEm0,2016-07-22,[]
498,See You Again,Wiz Khalifa,2JzZzZUQj3Qff7wapcbKjc,2015,['rap']
499,Perfect,One Direction,3NLnwwAQbbFKcEcV8hDItk,2015-11-13,[]
500,Shape of You,Ed Sheeran,7qiZfU4dY1lWllzX7mPBI3,2017-03-03,['soft pop']
501,Despacito (Remix),Luis Fonsi & Daddy Yankee,1vnnXMrBeEWiRg3YCMCjQq,2019-02-01,['latin']
502,That's What I Like,Bruno Mars,0KKkJNfGyhkQ5aFogxQAPU,2016-11-17,[]
503,Humble,Kendrick Lamar,7KXjTSCq5nL1LoYtL7XAwS,2017-04-14,"['hip hop', 'west coast hip hop']"
504,Something Just Like This,The Chainsmokers & Coldplay,6RUKPb4LETWmmr3iAEQktW,2017-04-07,[]
505,Bad and Boujee,Migos,0M9ydKzuF3oZTfYYPfaGX1,2017-01-27,['trap']
506,Closer,The Chainsmokers,7BKLCZ1jbUBVqRi2FVlTVw,2016-07-29,[]
507,Body Like a Back Road,Sam Hunt,7FpBQ067pHB67deawpbbcY,2020-04-03,"['country', 'pop country']"
508,Believer,Imagine Dragons,0pqnGHJpmpxLKifKRmU6WP,2017-06-23,[]
509,Congratulations,Post Malone,3a1lNhkSLSkpJE4MSHpDu9,2016-12-09,[]
510,Say You Won't Let Go,James Arthur,5uCax9HTNlzGybIStD3vDh,2016-10-28,['soft pop']
511,I'm the One,DJ Khaled,3DXncPQOG4VBw3QHh3S817,2017-06-22,[]
512,XO Tour Llif3,Lil Uzi Vert,7GX5flRQZVHRAGd6B4TmDO,2017-08-25,['melodic rap']
513,Mask Off,Future,0VgkVdmE4gld66l8iyGjgx,2017-06-30,['rap']
514,Unforgettable,French Montana,3B54sVLJ402zGa6Xm4YGNe,2017-07-14,[]
515,24K Magic,Bruno Mars,6b8Be6ljOzmkOmFslEb23P,2016-11-17,[]
516,Stay,Zedd & Alessia Cara,6uBhi9gBXWjanegOb2Phh0,2017-02-23,['edm']
517,Wild Thoughts,DJ Khaled,1OAh8uOEOvTDqkKFsKksCi,2017-06-22,[]
518,Black Beatles,Rae Sremmurd,6fujklziTHa8uoM5OQSfIo,2016-08-12,[]
519,Starboy,The Weeknd,7MXVkk9YMctZqd1Srtv4MB,2016-11-25,[]
520,Location,Khalid,152lZdxL1OR0ZMW6KquMif,2017-04-27,[]
521,Attention,Charlie Puth,5cF0dROlMOK5uNZtivgu50,2018-05-11,"['soft pop', 'pop']"
522,There's Nothing Holdin' Me Back,Shawn Mendes,7JJmb5XwzOO8jgpou264Ml,2017-04-20,[]
523,Bodak Yellow,Cardi B,6KBYefIoo7KydImq1uUQlL,2018-04-06,[]
524,Redbone,Childish Gambino,3vQ4T78TTMOjQXGfXVKQJo,2016-12-02,[]
525,I Don't Wanna Live Forever,Zayn & Taylor Swift,55n9yjI6qqXh5F2mYvUc2y,2017-11-09,[]
526,It Ain't Me,Kygo & Selena Gomez,3eR23VReFzcdmS7TYCrhCe,2017-02-16,['tropical house']
527,iSpy,Kyle,2EEeOnHehOozLq4aS0n6SL,2016-12-02,[]
528,Issues,Julia Michaels,7vu0JkJh0ldukEYbTVcqd0,2017-07-28,[]
529,Scars to Your Beautiful,Alessia Cara,0wI7QkCcs8FUQE1OkXUIqd,2015-11-13,[]
530,1-800-273-8255,Logic,5tz69p7tJuGPeMGwNTxYuV,2017-05-05,[]
531,Slow Hands,Niall Horan,2cOUlop2ZakjOKe4WinesN,2017-10-20,[]
532,Love on the Brain,Rihanna,5oO3drDxtziYU2H1X23ZIp,2016-01-28,[]
533,I Feel It Coming,The Weeknd,5GXAXm5YOmYT0kL5jHvYBt,2016-11-24,[]
534,Bounce Back,Big Sean,0SGkqnVQo9KPytSri1H6cF,2017-02-03,[]
535,Strip That Down,Liam Payne,29JrmE89KgRyCxBIzq2Ocw,2019-12-06,[]
536,Fake Love,Drake,343YBumqHu19cGoGARUTsd,2017-03-18,['rap']
537,Don't Wanna Know,Maroon 5,5o3GnrcFtvkdf3zFznuSbA,2018-06-15,['pop']
538,Look What You Made Me Do,Taylor Swift,1P17dC1amhFzptugyAO7Il,2017-11-10,[]
539,Castle on the Hill,Ed Sheeran,6PCUP3dWmTjcTtXY02oFdT,2017-03-03,['soft pop']
540,Bad Things,Machine Gun Kelly & Camila Cabello,1PSBzsahR2AKwLJgx8ehBj,2017-05-12,[]
541,Paris,The Chainsmokers,72jbDTw1piOOj770jWNeaG,2017-04-07,[]
542,Side to Side,Ariana Grande,44ONERBHALxftQNWq6dmyd,2016-04-01,['pop']
543,Rockabye,Clean Bandit,2hrUO4drrO63i7FYbCLBl2,2018-11-30,[]
544,Feel It Still,Portugal. The Man,6QgjcU0zLnzq5OrUoSZ3OK,2017-06-16,[]
545,Let Me Love You,DJ Snake,0lYBSQXN6rCTvUZvg9S0lU,2016-08-05,[]
546,Sorry Not Sorry,Demi Lovato,0yvPEnB032fojLfVluFjUv,2017-09-29,[]
547,Bank Account,21 Savage,5eqK0tbzUPo2SoeZsov04s,2017-07-06,[]
548,Can't Stop the Feeling!,Justin Timberlake,6JV2JOEocMgcZxYSZelKcc,2016-05-06,[]
549,Mi Gente,J Balvin & Willy William,7COfe3P7KgfwDwIRB8LIDw,2018-05-25,"['reggaeton', 'latin']"
550,Thunder,Imagine Dragons,1zB4vmk8tFRmM9UULNzbLB,2017-06-23,[]
551,T-shirt,Migos,1rkfJLgTlB6XYNjgZ0sVaK,2017-01-27,['trap']
552,Rake It Up,Yo Gotti,4knL4iPxPOZjQzTUlELGSY,2017-10-27,"['memphis rap', 'southern hip hop']"
553,Mercy,Shawn Mendes,0AS63m1wHv9n4VVRizK6Hc,2017-04-20,[]
554,Tunnel Vision,Kodak Black,4Q3N4Ct4zCuIHuZ65E3BD4,2017-03-31,[]
555,Rockstar,Post Malone,0e7ipj03S05BNilyu5bRzt,2018-04-27,[]
556,In Case You Didn't Know,Brett Young,10M2Ex445zw585Ducldzkw,2017-02-10,['country']
557,Heathens,Twenty One Pilots,6i0V12jOa3mr6uu4WYhUBr,2016-06-16,[]
558,Now or Never,Halsey,126oeltvIg79HHP4yAi4rq,2017-06-02,[]
559,Caroline,Aminé,5hTpBe8h35rJ67eAWHQsJx,2017-07-28,[]
560,Rolex,Ayo & Teo,0pSBuHjILhNEo55xK1zrRt,2017-03-15,[]
561,DNA,Kendrick Lamar,6HZILIRieu8S0iqY8kIKhj,2017-04-14,"['hip hop', 'west coast hip hop']"
562,Juju on That Beat (TZ Anthem),Zay Hilfigerrr & Zayion McCall,1lItf5ZXJc1by9SbPeljFd,2016-09-30,[]
563,Swang,Rae Sremmurd,6mapJIPnQ23RTAevUoE0DL,2016-08-12,[]
564,Passionfruit,Drake,5mCPDVBb16L4XQwDdbRUpz,2017-03-18,['rap']
565,Loyalty,Kendrick Lamar,6SwRhMLwNqEi6alNPVG00n,2017-04-14,"['hip hop', 'west coast hip hop']"
566,Praying,Kesha,0jdny0dhgjUwoIp5GkqEaA,2017-08-11,[]
567,Goosebumps,Travis Scott,6gBFPUFcJLzWGx4lenP6h2,2016-09-16,['rap']
568,Cold,Maroon 5,2NlTOhsAamXOaZciOXbITb,2018-06-15,['pop']
569,Broccoli,DRAM,7yyRTcZmCiyzzJlNzGC9Ol,2016-10-21,[]
570,Slide,Calvin Harris,7tr2za8SQg2CI8EDgrdtNl,2017-06-30,['edm']
571,What Ifs,Kane Brown,7zVCrzzEJU7u24sbJPXA5W,2016-12-02,"['country', 'pop country']"
572,Chained to the Rhythm,Katy Perry,7qvxFz3JodM0A7xEM7k3YD,2017-06-09,['pop']
573,Feels,Calvin Harris,5bcTCxgc7xVfSaMV3RuVke,2017-06-30,['edm']
574,All Time Low,Jon Bellion,1CnPYaKxTVb4LWOtiGOm0m,2016-06-10,[]
575,Hurricane,Luke Combs,6xHI9KjUjYT0FPtGO8Mxa1,2017-06-02,['country']
576,Too Good at Goodbyes,Sam Smith,1mXVgsBdtIVeCLJnSnmtdV,2017-11-03,['soft pop']
577,Young Dumb & Broke,Khalid,5Z3GHaZ6ec9bsiI5BenrbY,2017-04-27,[]
578,Magnolia,Playboi Carti,1e1JKLEDKP7hEQzJfNAgPl,2017-04-14,['rage rap']
579,Love Galore,SZA,0q75NwOoFiARAVp4EXU4Bs,2017-06-09,['r&b']
580,Drowning,A Boogie wit da Hoodie,1f5cbQtDrykjarZVrShaDI,2017-09-29,['melodic rap']
581,Starving,Hailee Steinfeld & Grey,4Ce37cRWvM1vIGGynKcs22,2016-07-22,[]
582,Both,Gucci Mane,5tFep7dXGd7vEJ668wTPux,2016-12-16,"['southern hip hop', 'rap', 'trap']"
583,What About Us,P!nk,0Qh38w01QRXK6KHIv0e3hb,2017-10-13,[]
584,Swalla,Jason Derulo,6kex4EBAj0WHXDKZMEJaaF,2017-02-23,[]
585,Slippery,Migos,0TBgMKD86t1VP3IzhxCoUl,2017-01-27,['trap']
586,Sign of the Times,Harry Styles,5Ohxk2dO5COHF1krpoPigN,2017-05-12,[]
587,Water Under the Bridge,Adele,2DRMuw0U0QbkVQxWxdJV3M,2015-11-20,['soft pop']
588,Malibu,Miley Cyrus,1UZOjK1BwmwWU14Erba9CZ,2017-09-29,[]
589,Down,Marian Hill,0ZQfn5nh2TnVE6Q0AT8eXr,2016-06-20,[]
590,No Promises,Cheat Codes,1louJpMmzEicAn7lzDalPW,2017-03-31,[]
591,Treat You Better,Shawn Mendes,3QGsuHI8jO1Rx4JWLUh9jd,2017-04-20,[]
592,I Get the Bag,Gucci Mane,1XRgIKC5TPwo7nWGyKqgG0,2017-10-13,"['southern hip hop', 'rap', 'trap']"
593,Small Town Boy,Dustin Lynch,7mS200vKsSSVgrbMxWza54,2017-09-08,"['country', 'acoustic country']"
594,Everyday We Lit,YFN Lucci,3J8Q6aBhjpvao8BsBQ6H9Y,2017-03-03,[]
595,Havana,Camila Cabello,1rfofaqEpACxVEHIZBJe6W,2018-01-12,[]
596,What Lovers Do,Maroon 5,0GxQ1A5L9xnMOytbP6eKBG,2018-06-15,['pop']
597,Do Re Mi,Blackbear,6Se3x9ANMLv0dCDsjGmEjh,2017-04-21,[]
598,Look at Me!,XXXTentacion,7floNISpH8VF4z4459Qo18,2017-02-20,['emo rap']
599,The Fighter,Keith Urban,4Iw8bM0BCRmrN778ZODnJa,2016-12-16,['country']
600,God's Plan,Drake,6DCZcSspjsKoFjzjrWoCdn,2018-06-29,['rap']
601,Perfect,Ed Sheeran,0tgVpDi06FyKpA1z0VMD4v,2017-03-03,['soft pop']
602,Meant to Be,Bebe Rexha,7iDa6hUg2VgEL1o1HjmfBn,2017-08-11,[]
603,Havana,Camila Cabello,1rfofaqEpACxVEHIZBJe6W,2018-01-12,[]
604,Rockstar,Post Malone,0e7ipj03S05BNilyu5bRzt,2018-04-27,[]
605,Psycho,Post Malone,3swc6WTsr7rl9DqQKQA55C,2018-04-27,[]
606,I Like It,Cardi B & Bad Bunny & J Balvin,58q2HKrzhC3ozto2nDdN4z,2018-04-06,[]
607,The Middle,Zedd & Maren Morris & Grey,09IStsImFySgyp0pIQdqAc,2018-01-23,['edm']
608,In My Feelings,Drake,2G7V7zsVDxg1yRsu7Ew9RJ,2018-06-29,['rap']
609,Girls Like You,Maroon 5,7fa9MBXhVfQ8P8Df9OEbD8,2018-06-15,['pop']
610,Nice for What,Drake,3CA9pLiwRIGtUBiMjbZmRw,2018-06-29,['rap']
611,Lucid Dreams,Juice Wrld,285pBltuF7vW8TeWk8hdRR,2018-12-10,"['melodic rap', 'emo rap']"
612,Better Now,Post Malone,7dt6x5M1jzdTEt8oCbisTK,2018-04-27,[]
613,Finesse,Bruno Mars,3Vo4wInECJQuz9BIBMOu8i,2017-12-20,[]
614,Boo'd Up,Ella Mai,0At2qAoaVjIwWNAqrscXli,2017-02-22,['r&b']
615,New Rules,Dua Lipa,2ekn2ttSfGqwhhate0LSR0,2017-06-02,['pop']
616,Sad!,XXXTentacion,3ee8Jmje8o58CHK66QrVC2,2018-03-16,['emo rap']
617,Never Be the Same,Camila Cabello,4eWQlBRaTjPPUlzacqEeoQ,2018-01-12,[]
618,Love Lies,Khalid & Normani,45Egmo7icyopuzJN0oMEdk,2018-02-14,[]
619,No Tears Left to Cry,Ariana Grande,2qT1uLXPVPzGgFOx4jtEuo,2018-08-17,['pop']
620,Mine,Bazzi,7uzmGiiJyRfuViKKK3lVmR,2018-04-12,[]
621,Thunder,Imagine Dragons,1zB4vmk8tFRmM9UULNzbLB,2017-06-23,[]
622,Look Alive,BlocBoy JB,6HJ34Zyw6bg8yGm28AxLXf,2018-05-04,['memphis rap']
623,Delicate,Taylor Swift,6NFyWDv5CjfwuzoCkw47Xf,2017-11-10,[]
624,Yes Indeed,Lil Baby & Drake,6vN77lE9LK6HP2DewaN6HZ,2018-05-18,[]
625,Friends,Marshmello & Anne-Marie,1wIyr1y5wiWqo7nqbxHpWt,2018-02-09,['edm']
626,Bad at Love,Halsey,3OzCF9i6Ey7EkkAYJztmKp,2017-06-02,[]
627,Taste,Tyga,2toVe5hfuIi97ytDPDbQFt,2019-06-07,[]
628,Let You Down,NF,52okn5MNA47tk87PeZJLEL,2017-10-06,['christian hip hop']
629,No Limit,G-Eazy,2DQ1ITjI0YoLFzuADN1ZBW,2017-12-15,[]
630,Fefe,6ix9ine,43VXG87ajppI8mO1Mxo8vu,2018,[]
631,Tequila,Dan + Shay,42fw0rxRO2xbesF6mJfd4Y,2018-06-22,['country']
632,Feel It Still,Portugal. The Man,6QgjcU0zLnzq5OrUoSZ3OK,2017-06-16,[]
633,MotorSport,Migos & Nicki Minaj & Cardi B,4wFjTWCunQFKtukqrNijEt,2018-01-26,['trap']
634,I Like Me Better,Lauv,4MagTPnkPiDuIa4P8GtW1b,2018-05-31,[]
635,Youngblood,5 Seconds of Summer,2iUXsYOEPhVqEBwsqP70rE,2018-06-15,[]
636,Whatever It Takes,Imagine Dragons,6Qn5zhYkTa37e91HC1D7lb,2017-06-23,[]
637,Ric Flair Drip,Offset & Metro Boomin,7sO5G9EABYOXQKNPNiE9NR,2017-10-30,[]
638,I Fall Apart,Post Malone,75ZvA4QfFiZvzhj2xkaWAh,2016-12-09,[]
639,Pray for Me,The Weeknd & Kendrick Lamar,6huNf4dutXRjJyGn7f5BPS,2021-02-05,[]
640,Back to You,Selena Gomez,4hQ6UGyWQIGJmHSo0J88JW,2018-05-10,['pop']
641,Sicko Mode,Travis Scott,2xLMifQCjDGFmkHkpNLD9h,2018-08-03,['rap']
642,Walk It Talk It,Migos,6n4U3TlzUGhdSFbUUhTvLP,2018-01-26,['trap']
643,Gucci Gang,Lil Pump,43ZyHQITOjhciSUUNPVRHc,2017-10-06,[]
644,Him & I,G-Eazy & Halsey,5k38wzpLb15YgncyWdTZE4,2017-12-15,[]
645,In My Blood,Shawn Mendes,2QZ7WLBE8h2y1Y5Fb8RYbH,2018-05-25,[]
646,All the Stars,Kendrick Lamar & SZA,3GCdLUSnKSMJhs4Tj6CV3s,2018-02-09,"['hip hop', 'west coast hip hop']"
647,Stir Fry,Migos,2UVbBKQOdFAekPTRsnkzcf,2018-01-26,['trap']
648,Too Good at Goodbyes,Sam Smith,1mXVgsBdtIVeCLJnSnmtdV,2017-11-03,['soft pop']
649,Love,Kendrick Lamar,6PGoSes0D9eUDeeAafB2As,2017-04-14,"['hip hop', 'west coast hip hop']"
650,This Is America,Childish Gambino,0b9oOr2ZgvyQu88wzixux9,2018-05-06,[]
651,Nonstop,Drake,0TlLq3lA83rQOYtrqBqSct,2018-06-29,['rap']
652,Heaven,Kane Brown,1HXy5I3HTWq8OvxCn0z7G7,2017-10-06,"['country', 'pop country']"
653,Bodak Yellow,Cardi B,6KBYefIoo7KydImq1uUQlL,2018-04-06,[]
654,Freaky Friday,Lil Dicky,6dbSBQXCctYSVryynHXaZ4,2018-03-16,[]
655,Gummo,6ix9ine,2HBtd9MYDd2xDVu8Zc6pwt,2018-04-10,[]
656,Plug Walk,Rich the Kid,1ZAyjvIk9YiD76yYy0TEG6,2018-03-30,['trap']
657,Wait,Maroon 5,3T9CfDxFYqZWSKxd0BhZrb,2018-06-15,['pop']
658,Be Careful,Cardi B,2Yl4OmDby9iitgNWZPwxkd,2018-04-06,[]
659,Wolves,Selena Gomez & Marshmello,0tBbt8CrmxbjRP0pueQkyU,2017-10-25,['pop']
660,Bartier Cardi,Cardi B,0dIoGTQXDh1wVnhIiSyYEa,2018-04-06,[]
661,God Is a Woman,Ariana Grande,5OCJzvD7sykQEKHH7qAC3C,2018-08-17,['pop']
662,Big Bank,YG,0ZNrc4kNeQYD9koZ3KvCsy,2018-08-03,[]
663,Sorry Not Sorry,Demi Lovato,0yvPEnB032fojLfVluFjUv,2017-09-29,[]
664,How Long,Charlie Puth,6wmAHw1szh5RCKSRjiXhPe,2018-05-11,"['soft pop', 'pop']"
665,Lights Down Low,Max,1sYSP7gKa5kdKIfhANfori,2016-04-08,[]
666,Young Dumb & Broke,Khalid,5Z3GHaZ6ec9bsiI5BenrbY,2017-04-27,[]
667,One Kiss,Calvin Harris & Dua Lipa,7ef4DlsgrMEH11cDZd32M6,2018-04-06,['edm']
668,Natural,Imagine Dragons,2FY7b99s15jUprqC0M5NCT,2018-11-09,[]
669,You Make It Easy,Jason Aldean,2TXtN9MoV308Y0z1HvyTfV,2018-04-13,"['country', 'acoustic country']"
670,Shape of You,Ed Sheeran,7qiZfU4dY1lWllzX7mPBI3,2017-03-03,['soft pop']
671,I Get the Bag,Gucci Mane,1XRgIKC5TPwo7nWGyKqgG0,2017-10-13,"['southern hip hop', 'rap', 'trap']"
672,No Brainer,DJ Khaled,5WvAo7DNuPRmk4APhdPzi8,2018-07-27,[]
673,Plain Jane,ASAP Ferg,2YzmfPLqUx5CJOaw5ThsBV,2017-12-15,['rap']
674,Sky Walker,Miguel,5WoaF1B5XIEnWfmb5NZikf,2017-12-01,['r&b']
675,Marry Me,Thomas Rhett,0OWZFobGSIW9GrSlQ9C5pc,2017-09-08,"['country', 'acoustic country', 'pop country']"
676,Eastside,Benny Blanco & Halsey & Khalid,7FGq80cy8juXBCD2nrqdWU,2018-12-07,[]
677,Call Out My Name,The Weeknd,09mEdoA6zrmBPgTEN5qXmN,2018-03-30,[]
678,King's Dead,Jay Rock & Kendrick Lamar & Future & James Blake,51rXHuKN8Loc4sUlKPODgH,2018-01-12,[]
679,Happier,Marshmello & Bastille,7BqHUALzNBTanL6OvsqmC1,2018-08-17,['edm']
680,Te Boté,Darell,42FWqCxAw5aG1FvjyVjIlH,2018-04-20,"['reggaeton', 'trap latino', 'dembow', 'urbano latino']"
681,Simple,Florida Georgia Line,4L9Ds4mpD3SuYoWwFUlv16,2019-02-15,"['country', 'pop country', 'acoustic country']"
682,Lemon,N.E.R.D & Rihanna,739vCwA3EpBSkk3uDsI2wB,2018-03-18,[]
683,1-800-273-8255,Logic,5tz69p7tJuGPeMGwNTxYuV,2017-05-05,[]
684,Say Something,Justin Timberlake,1LhMopPAallLeaeNutqbgS,2018-02-02,[]
685,I'm Upset,Drake,3qN5qMTKyEEmiTZD38BNTT,2018-06-29,['rap']
686,Get Along,Kenny Chesney,6n6OQfBpCgzF9oEg8zhBN7,2018-07-27,['country']
687,Moonlight,XXXTentacion,0JP9xo3adEtGSdUEISiszL,2018-03-16,['emo rap']
688,What Lovers Do,Maroon 5,0GxQ1A5L9xnMOytbP6eKBG,2018-06-15,['pop']
689,X,Nicky Jam & J Balvin,6JjPBQfI2Y8nIjnm65X6Pw,2018-06-29,"['reggaeton', 'latin']"
690,Outside Today,YoungBoy Never Broke Again,5PIfH6BzcmH04RDmtzF0BN,2018-04-27,[]
691,Trip,Ella Mai,6CTWathupIiDs7U4InHnDA,2018-10-12,['r&b']
692,Dura,Daddy Yankee,6KuqAtoeVzxAYOaMveLNpH,2018-01-18,"['reggaeton', 'latin']"
693,Changes,XXXTentacion,7AFASza1mXqntmGtbxXprO,2018-03-16,['emo rap']
694,Mercy,Brett Young,2VIPU72L6tIR4w8J8ap6Kp,2017-02-10,['country']
695,One Number Away,Luke Combs,4gB7HrYHbJVJ5RFOjxmoq4,2017-06-02,['country']
696,Powerglide,Rae Sremmurd,1BuZAIO8WZpavWVbbq3Lci,2018-05-04,[]
697,IDGAF,Dua Lipa,76cy1WJvNGJTj78UqeA5zr,2017-06-02,['pop']
698,Mi Gente,J Balvin & Willy William,7COfe3P7KgfwDwIRB8LIDw,2018-05-25,"['reggaeton', 'latin']"
699,Believer,Imagine Dragons,0pqnGHJpmpxLKifKRmU6WP,2017-06-23,[]
700,Old Town Road,Lil Nas X,0F7FA14euOIX8KcbEturGH,2019-06-21,[]
701,Sunflower,Post Malone & Swae Lee,3KkXRkHbMCARz0aVfEt68P,2018-12-14,[]
702,Without Me,Halsey,6FZDfxM3a3UCqtzo5pxSLZ,2020-01-17,[]
703,Bad Guy,Billie Eilish,2Fxmhks0bxGSBdJ92vM42m,2019-03-29,[]
704,Wow,Post Malone,7xQAfvXzm3AkraOtGPWIZg,2019-09-06,[]
705,Happier,Marshmello & Bastille,7BqHUALzNBTanL6OvsqmC1,2018-08-17,['edm']
706,7 Rings,Ariana Grande,6ocbgoVGwYJhOv1GgI9NsF,2019-02-08,['pop']
707,Talk,Khalid,6TqXcAFInzjp0bODyvrWEq,2019-04-05,[]
708,Sicko Mode,Travis Scott,2xLMifQCjDGFmkHkpNLD9h,2018-08-03,['rap']
709,Sucker,Jonas Brothers,22vgEDb5hykfaTwLuskFGD,2019-06-07,[]
710,High Hopes,Panic! at the Disco,1rqqCSm0Qe4I9rUvWncaom,2018-06-22,['emo']
711,"Thank U, Next",Ariana Grande,3e9HZxeyfWwjeyPAMmWSSQ,2019-02-08,['pop']
712,Truth Hurts,Lizzo,3HWzoMvoF3TQfYg4UPszDq,2019-04-19,[]
713,Dancing with a Stranger,Sam Smith & Normani,3xgT3xIlFGqZjYW9QlhJWp,2020-10-30,['soft pop']
714,Señorita,Shawn Mendes & Camila Cabello,6v3KW9xbzN5yKLt9YKDYA2,2019-06-19,[]
715,I Don't Care,Ed Sheeran & Justin Bieber,3HVWdVOQ0ZA45FuZGSfvns,2019-05-10,['soft pop']
716,Eastside,Benny Blanco & Halsey & Khalid,7FGq80cy8juXBCD2nrqdWU,2018-12-07,[]
717,Going Bad,Meek Mill,2IRZnDFmlqMuOrYOLnZZyc,2018-11-30,['rap']
718,Shallow,Lady Gaga & Bradley Cooper,2VxeLyX666F8uXCJ0dZF8B,2018-10-05,"['art pop', 'pop']"
719,Better,Khalid,2OpBganfGk2GVdSlRdxzaX,2018-10-19,[]
720,No Guidance,Chris Brown,6XHVuErjQ4XNm6nDPVCxVX,2019-06-28,['r&b']
721,Girls Like You,Maroon 5,7fa9MBXhVfQ8P8Df9OEbD8,2018-06-15,['pop']
722,Sweet but Psycho,Ava Max,7DnAm9FOTWE3cUvso43HhI,2020-09-18,[]
723,Suge,DaBaby,2gwkD6igEhQbDQegRCcdoB,2019-03-01,[]
724,Middle Child,J. Cole,2JvzF1RMd7lE3KmFlsyZD8,2019-01-23,['rap']
725,Drip Too Hard,Lil Baby & Gunna,78QR3Wp35dqAhFEc2qAGjE,2018-10-05,[]
726,Someone You Loved,Lewis Capaldi,7qEHsqek33rTcFNT9PFqLf,2019-05-17,['soft pop']
727,Ransom,Lil Tecca,1lOe9qE0vR9zwWQAOk6CoO,2019-08-30,"['melodic rap', 'rap']"
728,If I Can't Have You,Shawn Mendes,2bT1PH7Cw3J9p3t7nlXCdh,2019-06-19,[]
729,Goodbyes,Post Malone,0t3ZvGKlmYmVsDzBJAXK8C,2019-09-06,[]
730,Zeze,Kodak Black,0FZ4Dmg8jJJAPJnvBIzD9z,2018-12-14,[]
731,Better Now,Post Malone,7dt6x5M1jzdTEt8oCbisTK,2018-04-27,[]
732,Youngblood,5 Seconds of Summer,2iUXsYOEPhVqEBwsqP70rE,2018-06-15,[]
733,Money in the Grave,Drake,5ry2OE6R2zPQFDO85XkgRb,2019-06-15,['rap']
734,Speechless,Dan + Shay,3GJ4hzg4lrGwU51Y3VARbF,2018-06-22,['country']
735,"Break Up with Your Girlfriend, I'm Bored",Ariana Grande,4kV4N9D1iKVxx1KLvtTpjS,2019-02-08,['pop']
736,Please Me,Cardi B & Bruno Mars,0PG9fbaaHFHfre2gUVo7AN,2019-02-15,[]
737,Money,Cardi B,2GGMabyHXnJmjY6CXhhB2e,2018-10-23,[]
738,You Need to Calm Down,Taylor Swift,6RRNNciQGZEXnqk8SQ9yv5,2019-08-23,[]
739,Panini,Lil Nas X,6fTt0CH2t0mdeB2N9XFG5r,2019-06-21,[]
740,Look Back at It,A Boogie wit da Hoodie,3Ol2xnObFdKV9pmRD2t9x8,2018-12-21,['melodic rap']
741,A Lot,21 Savage,2t8yVaLvJ0RenpXUIAC52d,2018-12-21,[]
742,Me!,Taylor Swift,2Rk4JlNc2TPmZe2af99d45,2019-08-23,[]
743,Mia,Bad Bunny,3gE4eQH3K83Sght0ZLvuBK,2018-12-23,"['reggaeton', 'trap latino', 'urbano latino', 'latin']"
744,Pop Out,Polo G,6uFn47ACjqYkc0jADwEdj1,2019-06-07,[]
745,Beautiful Crazy,Luke Combs,2rxQMGVafnNaRaXlRMWPde,2018-06-01,['country']
746,Thotiana,Blueface,1rBjexQsgqXpsS2BrCxaDX,2018-12-18,[]
747,Lucid Dreams,Juice Wrld,285pBltuF7vW8TeWk8hdRR,2018-12-10,"['melodic rap', 'emo rap']"
748,Mo Bamba,Sheck Wes,1xzBco0xcoJEDXktl7Jxrr,2018-10-05,[]
749,Beautiful People,Ed Sheeran,4evmHXcjt3bTUHD1cvny97,2019-06-28,['soft pop']
750,Wake Up in the Sky,Gucci Mane & Bruno Mars & Kodak Black,2G1tXoGBaEMJ7FKGnkf6ud,2018-12-07,"['southern hip hop', 'rap', 'trap']"
751,Whiskey Glasses,Morgan Wallen,57TEkZN3f84tFJFHFrD4pO,2018-04-27,['country']
752,God's Country,Blake Shelton,1dyxS3YzBbL0t8rEVwVQ1K,2019-03-29,['country']
753,Be Alright,Dean Lewis,5qrSlOut2rNAWv3ubArkNy,2019-03-22,[]
754,Pure Water,Mustard & Migos,3j84U36KvLeXNDPv4t5pI8,2019-06-28,[]
755,The Git Up,Blanco Brown,01tA4XmJ4fGQNwti6b2hPm,2019-10-10,"['country hip hop', 'country']"
756,Taki Taki,DJ Snake,0KoiMHhqKLoL4xM54rcWYY,2019-07-25,[]
757,Close to Me,Ellie Goulding & Diplo,2GjMaJ7DacMIkgoe8oMXGg,2020-07-17,[]
758,Envy Me,Calboy,7rvyVWja33WG9R97oeJAjx,2019-05-31,['melodic rap']
759,You Say,Lauren Daigle,6Up545NUflOiXo8cEraH49,2018-09-07,"['christian', 'worship', 'ccm', 'christian pop']"
760,"Hey Look Ma, I Made It",Panic! at the Disco,22oEJW6r2rMb9z4IntfyEa,2018-06-22,['emo']
761,Circles,Post Malone,21jGcNKet2qwijlDFuPiPb,2019-09-06,[]
762,Beer Never Broke My Heart,Luke Combs,7aEtlGHoiPAfRB084NiDmx,2019-11-08,['country']
763,The London,Young Thug & J. Cole & Travis Scott,3s4mrPrEFFPF0LmAfutW0n,2019-08-16,"['rap', 'melodic rap', 'trap']"
764,Con Calma,Daddy Yankee & Katy Perry,4au7FRcgZzChASRYu279xH,2019-04-19,"['reggaeton', 'latin']"
765,Murder on My Mind,YNW Melly,7eBqSVxrzQZtK2mmgRG6lC,2018-08-03,['melodic rap']
766,When the Party's Over,Billie Eilish,43zdsphuZLzwA9k4DJhU0I,2019-03-29,[]
767,Act Up,City Girls,3A2yGHWIzmGEIolwonU69h,2018-11-16,[]
768,I Like It,Cardi B & Bad Bunny & J Balvin,58q2HKrzhC3ozto2nDdN4z,2018-04-06,[]
769,Trampoline,Shaed,2ez6qvOTHKeI3ss80NGqnI,2019-12-27,[]
770,Leave Me Alone,Flipp Dinero,6V7g6qM8wheMivMWrzbPTM,2019-11-22,['melodic rap']
771,Breathin,Ariana Grande,4OafepJy2teCjYJbvFE60J,2018-08-17,['pop']
772,Bury a Friend,Billie Eilish,4SSnFejRGlZikf02HLewEF,2019-03-29,[]
773,Close Friends,Lil Baby,5nzhL67GpF9szXWg5y509A,2018-10-05,[]
774,Baby Shark,Pinkfong,5ygDXis42ncn6kYG14lEVG,2017-07-27,"[""children's music"", 'lullaby']"
775,My Type,Saweetie,5KBARWIxeMGkvUax9VtVC9,2019-03-29,[]
776,Worth It,YK Osiris,0PQoUlzP7ILdcrzpajHXc0,2019-10-11,[]
777,Only Human,Jonas Brothers,0DiDStADDVh3SvAsoJAFMk,2019-06-07,[]
778,Knockin' Boots,Luke Bryan,2opQESZb7JsRKCvWMBPeuv,2020-08-07,"['country', 'acoustic country']"
779,Trip,Ella Mai,6CTWathupIiDs7U4InHnDA,2018-10-12,['r&b']
780,Rumor,Lee Brice,56eGOeSsqdg3FLxdo83TwV,2017-11-03,"['country', 'acoustic country']"
781,Swervin,A Boogie wit da Hoodie,1wJRveJZLSb1rjhnUHQiv6,2018-12-21,['melodic rap']
782,How Do You Sleep?,Sam Smith,6b2RcmUt1g9N9mQ3CbjX2Y,2019-07-19,['soft pop']
783,Baby,Lil Baby & DaBaby,5MPPttjfGap2C6j6eKcO6J,2019-08-16,[]
784,Look What God Gave Her,Thomas Rhett,2KqJC0koTBUyDlsMt5ok1V,2019-05-31,"['country', 'acoustic country', 'pop country']"
785,Good as You,Kane Brown,19kUPdKTp85q9RZNwaXM15,2019-11-01,"['country', 'pop country']"
786,Clout,Offset,59ywHNwwchG4nZJMLyxSzd,2019-02-22,[]
787,Love Lies,Khalid & Normani,45Egmo7icyopuzJN0oMEdk,2018-02-14,[]
788,One Thing Right,Marshmello & Kane Brown,7gZXCjAy6nxKCQWLEeX4LZ,2019-06-21,['edm']
789,Cash Shit,Megan Thee Stallion,2rMAtCaTj16NptyVfEIeAC,2019-05-17,[]
790,Tequila,Dan + Shay,42fw0rxRO2xbesF6mJfd4Y,2018-06-22,['country']
791,Shotta Flow,NLE Choppa,5OFlp1fOrfiSXOjw4wuSgy,2019-12-23,[]
792,Hot Girl Summer,Megan Thee Stallion,5N1o6d8zGcSZSeMFkOUQOk,2019-08-09,[]
793,Talk You Out of It,Florida Georgia Line,4qQwGRtGT7l6ckQtdPEFd4,2019-02-15,"['country', 'pop country', 'acoustic country']"
794,Beautiful,Bazzi,4VUwkH455At9kENOfzTqmF,2018-08-02,[]
795,Eyes on You,Chase Rice,4w95iGC6NrxZJ5o3D7bWyV,2017-11-17,"['country', 'acoustic country']"
796,All to Myself,Dan + Shay,08tq1XcHwVt5PHXUo87i0D,2018-06-22,['country']
797,Boyfriend,Ariana Grande & Social House,0Ryd8975WihbObpp5cPW1t,2019-08-02,['pop']
798,Walk Me Home,Pink,7DHApOHsIFo7EyfieArYGE,2019-02-20,[]
799,Robbery,Juice Wrld,6iaSML1PIYq936g62BDtBq,2019-03-08,"['melodic rap', 'emo rap']"
800,Blinding Lights,The Weeknd,0VjIjW4GlUZAMYd2vXMi3b,2020-03-20,[]
801,Circles,Post Malone,21jGcNKet2qwijlDFuPiPb,2019-09-06,[]
802,The Box,Roddy Ricch,0nbXyq5TXYPCO7pr3N8S4I,2019-12-06,['melodic rap']
803,Don't Start Now,Dua Lipa,3PfIrDoz19wz7qK7tYeu62,2020-03-27,['pop']
804,Rockstar,DaBaby,7ytR5pFWmSjzHJIeQkgog4,2020-04-17,[]
805,Adore You,Harry Styles,3jjujdWJ72nww5eGnfs2E7,2019-12-13,[]
806,Life Is Good,Future,5yY9lUy8nbvjM1Uyo1Uqoc,2020-01-10,['rap']
807,Memories,Maroon 5,4cktbXiXOapiLBMprHFErI,2021-06-11,['pop']
808,The Bones,Maren Morris,7yFhA2fUsL2oIMWlw5DaHQ,2019-03-08,['country']
809,Someone You Loved,Lewis Capaldi,7qEHsqek33rTcFNT9PFqLf,2019-05-17,['soft pop']
810,Say So,Doja Cat,3Dv1eDb0MEgF93GpLXlucZ,2019-11-07,[]
811,I Hope,Gabby Barrett,5cYFwgA5dHoqR3xGnlr9ew,2020-06-19,['country']
812,Whats Poppin,Jack Harlow,1jaTQ3nqY3oAAYyCTbIvnM,2020-03-13,[]
813,Dance Monkey,Tones and I,2XU0oxnq2qxCpomAAuJY8K,2019-10-17,[]
814,Savage,Megan Thee Stallion,55CHeLEfn5iJ0IIkgaa4si,2020-03-06,[]
815,Roxanne,Arizona Zervas,696DnlkuDOXcMAnKlTgXXK,2019-10-10,[]
816,Intentions,Justin Bieber,4umIPjkehX1r7uhmGvXiSV,2020-02-14,[]
817,Everything I Wanted,Billie Eilish,3ZCTVFBt2Brf31RLEnCkWJ,2019-11-13,[]
818,Roses (Imanbek remix),Saint Jhn,24Yi9hE78yPEbZ4kxyoXAI,2019-10-09,[]
819,Watermelon Sugar,Harry Styles,6UelLqGlWMcVH1E5c4H7lY,2019-12-13,[]
820,Before You Go,Lewis Capaldi,2gMXnyrvIjhVBUZwvLZDMP,2019-11-22,['soft pop']
821,Falling,Trevor Daniel,0Aqi7ArnBrGblW5T6p2jmD,2020-03-26,[]
822,"10,000 Hours",Dan + Shay & Justin Bieber,2wrJq5XKLnmhRXHIAf9xBa,2019-10-04,['country']
823,WAP,Cardi B,4Oun2ylbjFKMPTiaSbbCih,2020-08-07,[]
824,Ballin',Mustard & Roddy Ricch,3QzAOrNlsabgbMwlZt7TAY,2019-06-28,[]
825,Hot Girl Bummer,Blackbear,6jRq8gaZhMUyy5RclRPcAf,2020-08-21,[]
826,Blueberry Faygo,Lil Mosey,22LAwLoDA5b4AaGSkg6bKW,2020-02-06,['melodic rap']
827,Heartless,The Weeknd,6bnF93Rx87YqUBLSgjiMU8,2020-03-20,[]
828,Bop,DaBaby,6Ozh9Ok6h4Oi1wUSLtBseN,2019-09-27,[]
829,Lose You to Love Me,Selena Gomez,4l0Mvzj72xxOpRrp6h8nHi,2020-01-10,['pop']
830,Good as Hell,Lizzo,6KgBpzTuTRPebChN0VTyzV,2019-04-17,[]
831,Toosie Slide,Drake,127QTOFJsJQp5LbJbu3A1y,2020-04-03,['rap']
832,Break My Heart,Dua Lipa,017PF4Q3l4DBUiWoXk4OWT,2020-03-27,['pop']
833,Chasin' You,Morgan Wallen,0WiyWiJDkNCyGNqkv7NByy,2018-04-27,['country']
834,Savage Love (Laxed – Siren Beat),Jawsh 685 & Jason Derulo,4TgxFMOn5yoESW6zCidCXL,2020-10-02,[]
835,No Guidance,Chris Brown,6XHVuErjQ4XNm6nDPVCxVX,2019-06-28,['r&b']
836,My Oh My,Camila Cabello,3yOlyBJuViE2YSGn3nVE1K,2019-12-06,[]
837,Dynamite,BTS,5QDLhrAOJJdNAmCTJ8xMyW,2020-11-20,['k-pop']
838,Go Crazy,Chris Brown & Young Thug,1IIKrJVP1C9N7iPtG6eOsK,2020-05-08,['r&b']
839,High Fashion,Roddy Ricch,07KXEDMj78x68D884wgVEm,2019-12-06,['melodic rap']
840,Laugh Now Cry Later,Drake,2SAqBLGA283SUiwJ3xOUVI,2020-08-14,['rap']
841,Woah,Lil Baby,02RCbjb9czvQKNGBmEmWob,2020-02-28,[]
842,Death Bed,Powfu,7eJMfftS33KTjuF7lTsMCx,2020-02-08,[]
843,Señorita,Shawn Mendes & Camila Cabello,6v3KW9xbzN5yKLt9YKDYA2,2019-06-19,[]
844,Highest in the Room,Travis Scott,3eekarcy7kvN4yt5ZFzltW,2019-10-04,['rap']
845,Bad Guy,Billie Eilish,2Fxmhks0bxGSBdJ92vM42m,2019-03-29,[]
846,Mood,24kGoldn,4jPy3l0RUwlUI9T5XHBW2m,2021-03-26,[]
847,Rain on Me,Lady Gaga & Ariana Grande,7ju97lgwC2rKQ6wwsf9no9,2020-05-29,"['art pop', 'pop']"
848,For the Night,Pop Smoke,0PvFJmanyNQMseIFrU708S,2020-07-03,"['brooklyn drill', 'drill', 'new york drill']"
849,Ritmo (Bad Boys for Life),Black Eyed Peas & J Balvin,5NyS3oxTlos3Agl2YtZwrC,2020-11-02,[]
850,Heart on Ice,Rod Wave,591ks2A0o7ratTpiRdI7M6,2019-06-14,[]
851,Nobody but You,Blake Shelton & Gwen Stefani,5M8goiFYynmNxhueYW6grR,2019-12-13,['country']
852,Trampoline,Shaed,2ez6qvOTHKeI3ss80NGqnI,2019-12-27,[]
853,Come & Go,Juice Wrld & Marshmello,2Y0wPrPQBrGhoLn14xRYCG,2020-07-10,"['melodic rap', 'emo rap']"
854,Truth Hurts,Lizzo,3HWzoMvoF3TQfYg4UPszDq,2019-04-19,[]
855,If the World Was Ending,JP Saxe,2kJwzbxV2ppxnQoYw4GLBZ,2019-10-17,[]
856,We Paid,Lil Baby & 42 Dugg,6gxKUmycQX7uyMwJcweFjp,2020-05-01,[]
857,Yummy,Justin Bieber,16wAOAZ2OkqoIDN7TpChjR,2020-02-14,[]
858,One Man Band,Old Dominion,7cA3PnUQDlUyBBwpRozQeo,2019-10-25,['country']
859,Got What I Got,Jason Aldean,4TCc369aRPRubv1m8R1TBG,2019-11-22,"['country', 'acoustic country']"
860,Sunday Best,Surfaces,1qYKWcEOrh2tM8PlgIm8K1,2019-01-06,[]
861,Godzilla,Eminem,7FIWs0pqAYbP91WWM0vlTQ,2020-01-17,"['rap', 'hip hop']"
862,Bandit,Juice Wrld & YoungBoy Never Broke Again,1oWM79mUVdZGCGYjSirHZR,2019-03-08,"['melodic rap', 'emo rap']"
863,Party Girl,StaySolidRocky,3IJYUaN3tx04S4TYyZHKoP,2020-07-15,[]
864,Die from a Broken Heart,Maddie & Tae,3DA4SE262k6rdEtlHteNyq,2020-04-10,['country']
865,Popstar,DJ Khaled,6EDO9iiTtwNv6waLwa1UUq,2020-07-17,[]
866,All I Want for Christmas Is You,Mariah Carey,0bYg9bo50gSsH3LtXe2SQn,1994-10-28,['christmas']
867,One of Them Girls,Lee Brice,6uyiyatWPCqC59Mm4rO8xL,2020-11-20,"['country', 'acoustic country']"
868,Hard to Forget,Sam Hunt,10xuH52YSXHWFwCaF1fsDd,2020-04-03,"['country', 'pop country']"
869,One Margarita,Luke Bryan,1Y3TlYJNhIa7k4YAvFkJAB,2020-08-07,"['country', 'acoustic country']"
870,Panini,Lil Nas X,6fTt0CH2t0mdeB2N9XFG5r,2019-06-21,[]
871,Hot,Young Thug,4ea9w8c4ROqiZpJVhfBA3m,2019-12-20,"['rap', 'melodic rap', 'trap']"
872,I Hope You're Happy Now,Carly Pearce & Lee Brice,0Al3wN3keprGTSgG8NBwjr,2020-02-14,['country']
873,Emotionally Scarred,Lil Baby,7ge7BHazYbVKi8qyZUX1Bm,2020-02-28,[]
874,Suicidal,YNW Melly,1iSqfoUFnQwV0QW1EfUit8,2019-11-22,['melodic rap']
875,The Bigger Picture,Lil Baby,44gRhRi2OhEf7moAUj6MD1,2020-06-12,[]
876,Only Human,Jonas Brothers,0DiDStADDVh3SvAsoJAFMk,2019-06-07,[]
877,The Woo,Pop Smoke,1H7KnK26kc1YyellpbINEn,2020-07-03,"['brooklyn drill', 'drill', 'new york drill']"
878,Sum 2 Prove,Lil Baby,5f4Hy5mw5SRaUgXX9c6P5S,2020-02-28,[]
879,Stuck with U,Ariana Grande & Justin Bieber,4HBZA5flZLE435QTztThqH,2020-05-08,['pop']
880,Mood Swings,Pop Smoke,5rZlwNFl01HqLWBQGryKSm,2020-07-03,"['brooklyn drill', 'drill', 'new york drill']"
881,You Should Be Sad,Halsey,7lidXGPXPYLNThITAOTlkK,2020-01-17,[]
882,Dior,Pop Smoke,79s5XnCN4TJKTVMSmOx8Ep,2019-07-26,"['brooklyn drill', 'drill', 'new york drill']"
883,Supalonely,Benee,4nK5YrxbMGZstTLbvj6Gxw,2019-11-15,[]
884,Even Though I'm Leaving,Luke Combs,5Fhe63YOMZsGdB3CgCDuBi,2019-11-08,['country']
885,The Scotts,Travis Scott & Kid Cudi,39Yp9wwQiSRIDOvrVg7mbk,2020-04-24,[]
886,Juicy,Doja Cat & Tyga,7f5trao56t7sB7f14QDTmp,2019-11-07,[]
887,Be Like That,Kane Brown & Swae Lee & Khalid,5f1joOtoMeyppIcJGZQvqJ,2020-07-10,"['country', 'pop country']"
888,Homesick,Kane Brown,30RZAuEkYeDXvy46Iv6l7E,2019-11-01,"['country', 'pop country']"
889,Rags2Riches,Rod Wave,40TPiJpvwGIyvPjJMDTKfy,2020-08-07,[]
890,Bluebird,Miranda Lambert,0kPeZAyIhIfeZNrtfjJGDB,2019-11-01,['country']
891,Wishing Well,Juice Wrld,2U5WueTLIK5WJLD7mvDODv,2020-07-10,"['melodic rap', 'emo rap']"
892,Does to Me,Luke Combs,0nGXi46VcQQ56ZJR428MKS,2019-11-08,['country']
893,Pussy Fairy (OTW),Jhené Aiko,48KXAIruJ07kJVCWOGohMV,2020-01-17,['r&b']
894,ILY (I Love You Baby),Surf Mesa,62aP9fBQKYKxi7PDXwcUAS,2019-11-26,[]
895,More Than My Hometown,Morgan Wallen,5OELUCYgOHKFAvCERnAvfS,2021-01-08,['country']
896,Lovin' on You,Luke Combs,0nYvjcSlCgjcwogQAwIwNp,2019-11-08,['country']
897,Said Sum,Moneybagg Yo,3sKz6Sd72K0ofPWcJPPk6H,2020-09-18,['memphis rap']
898,Slide,H.E.R.,6MO2bfLHKykUgCChFdw91H,2020-01-17,['r&b']
899,Walk Em Down,NLE Choppa,1Z0cZI0UzNbP9L8MzzGxqf,2020-08-07,[]
900,Levitating,Dua Lipa,5nujrmhLynf4yMoMtj8AQF,2020-03-27,['pop']
901,Save Your Tears,The Weeknd & Ariana Grande,1oFAF1hdPOickyHgbuRjyX,2020-03-20,[]
902,Blinding Lights,The Weeknd,0VjIjW4GlUZAMYd2vXMi3b,2020-03-20,[]
903,Mood,24kGoldn,4jPy3l0RUwlUI9T5XHBW2m,2021-03-26,[]
904,Good 4 U,Olivia Rodrigo,4ZtFanR9U6ndgddUvNcjcG,2021-05-21,[]
905,Kiss Me More,Doja Cat,3DarAbFujv6eYNliUTyqtz,2021-06-25,[]
906,Leave the Door Open,Silk Sonic & Bruno Mars & Anderson .Paak,02VBYrHfVwfEWXk5DXyf0T,2021-11-11,[]
907,Drivers License,Olivia Rodrigo,5wANPM4fQCJwkGd4rN57mH,2021-05-21,[]
908,Montero (Call Me by Your Name),Lil Nas X,1SC5rEoYDGUK4NfG82494W,2021-09-17,[]
909,Peaches,Justin Bieber,4iJyoBOLtHqaGxP12qzhQI,2021-03-19,[]
910,Butter,BTS,6jjYDGxVJsWS0a5wlVF5vS,2022-06-10,['k-pop']
911,Stay,The Kid Laroi & Justin Bieber,5HCyWlXZPP0y6Gqq8TgA20,2021-07-09,[]
912,Deja Vu,Olivia Rodrigo,6HU7h9RYOaPRFeh0R3UeAr,2021-05-21,[]
913,Positions,Ariana Grande,35mvY5S1H3J2QZyna3TFe0,2020-10-30,['pop']
914,Bad Habits,Ed Sheeran,3rmo8F54jFF8OgYsqTxm5d,2021-10-25,['soft pop']
915,Heat Waves,Glass Animals,3USxtqRwSYz57Ewm6wWRMp,2020-08-07,[]
916,Without You,The Kid Laroi,1KMkcUvF7m3SDChDOa7i5L,2021-07-27,[]
917,Forever After All,Luke Combs,6IBcOGPsniK3Pso1wHIhew,2020-10-23,['country']
918,Go Crazy,Chris Brown & Young Thug,1IIKrJVP1C9N7iPtG6eOsK,2020-05-08,['r&b']
919,Astronaut in the Ocean,Masked Wolf,3Ofmpyhv5UAQ70mENzB277,2021-01-06,[]
920,34+35,Ariana Grande,6Im9k8u9iIzKMrmV7BWtlF,2020-10-30,['pop']
921,What You Know Bout Love,Pop Smoke,1tkg4EHVoqnhR6iFEXb60y,2020-07-03,"['brooklyn drill', 'drill', 'new york drill']"
922,My Ex's Best Friend,Machine Gun Kelly,7kDUspsoYfLkWnZR7qwHZl,2020-09-25,[]
923,Industry Baby,Lil Nas X & Jack Harlow,5Z9KJZvQzH6PFmb8SNkxuk,2021-09-17,[]
924,Therefore I Am,Billie Eilish,20R4HfKloPKgXDqU7UKk3x,2021-07-30,[]
925,Up,Cardi B,1M4OcYkxAtu3ErzSgDEfoi,2021-02-04,[]
926,Fancy Like,Walker Hayes,58UKC45GPNTflCN6nwCUeF,2022-01-21,['country']
927,Dakiti,Bad Bunny & Jhay Cortez,47EiUVwUp4C9fGccaPuUCS,2020-10-30,"['reggaeton', 'trap latino', 'urbano latino', 'latin']"
928,Best Friend,Saweetie,20BOju91NaEFK5Py4VJ2pp,2021-04-23,[]
929,Rapstar,Polo G,18vXApRmJSgQ6wG2ll9AOg,2021-06-11,[]
930,Heartbreak Anniversary,Giveon,3FAJ6O0NOHQV8Mc5Ri6ENp,2020-03-27,['r&b']
931,For the Night,Pop Smoke,0PvFJmanyNQMseIFrU708S,2020-07-03,"['brooklyn drill', 'drill', 'new york drill']"
932,Calling My Phone,Lil Tjay & 6lack,3J8EOeKLTLXORtWPpOU5bE,2021-04-02,"['brooklyn drill', 'melodic rap']"
933,Beautiful Mistakes,Maroon 5,5zFglKYiknIxks8geR8rcL,2021-06-11,['pop']
934,Holy,Justin Bieber,5u1n1kITHCxxp8twBcZxWy,2020-09-18,[]
935,On Me,Lil Baby,12Fkyg9lpmaz2zmKOfw2Y2,2019-09-06,[]
936,You Broke Me First,Tate McRae,4l0RmWt52FxpVxMNni6i63,2021-03-26,[]
937,Traitor,Olivia Rodrigo,5CZ40GBx1sQ9agT82CLQCT,2021-05-21,[]
938,Back in Blood,Pooh Shiesty,7FGdjbZ32vMybPuP0IuE7d,2021-02-05,['memphis rap']
939,I Hope,Gabby Barrett,5cYFwgA5dHoqR3xGnlr9ew,2020-06-19,['country']
940,Dynamite,BTS,5QDLhrAOJJdNAmCTJ8xMyW,2020-11-20,['k-pop']
941,Wockesha,Moneybagg Yo,0nqhKXDjsyBMvbeWmgijD0,2021-04-23,['memphis rap']
942,You Right,Doja Cat & the Weeknd,0k4d5YPDr1r7FX77VdqWez,2021-06-25,[]
943,Beat Box 2,SpotemGottem & SpotemGottem,3fHNHBb2eGLahIvoVa19zq,2020-12-18,[]
944,Laugh Now Cry Later,Drake,2SAqBLGA283SUiwJ3xOUVI,2020-08-14,['rap']
945,Need to Know,Doja Cat,3Vi5XqYrmQgOYBajMWSvCi,2021-06-25,[]
946,Wants and Needs,Drake,65OVbaJR5O1RmwOQx0875b,2021-03-05,['rap']
947,Way 2 Sexy,Drake,0k1WUmIRnG3xU6fvvDVfRG,2021-09-03,['rap']
948,Telepatía,Kali Uchis,6tDDoYIxWvMLTdKpjFkc1B,2020-12-04,[]
949,Whoopty,CJ,1t9WgS8FN0534tLBRwbaxO,2021-02-19,['dembow']
950,Lemonade,Internet Money & Gunna,1p0rEzrK7YtdRZVtiyV7RN,2020-08-28,[]
951,Good Days,SZA,4PMqSO5qyjpvzhlLI5GnID,2022-12-09,['r&b']
952,Starting Over,Chris Stapleton,3K07bGe8iljQ3mOKArHLDo,2020-11-13,['country']
953,Body,Megan Thee Stallion,0A1hoCfMLkiAgvhWkkucJa,2020-11-20,[]
954,Willow,Taylor Swift,0lx2cLdOt3piJbcaXIV74f,2020-12-11,[]
955,Bang!,AJR,2I2AqFb0f9UNnolWc2MafC,2021-03-26,[]
956,Better Together,Luke Combs,6gdLyYNuhWBzqwlOFSsXC7,2019-11-08,['country']
957,You're Mines Still,Yung Bleu,6tiKwZppNjrls8RsPQwK6r,2021-07-23,[]
958,Every Chance I Get,DJ Khaled,1EJIcDYXwSqipW5dFe4uJz,2021-04-30,[]
959,Essence,Wizkid,5FG7Tl93LdH117jEKYl3Cm,2020-10-29,"['afrobeats', 'afrobeat', 'afropop', 'azonto', 'afroswing', 'afropiano']"
960,Chasing After You,Ryan Hurd & Maren Morris,1ZIKpMTRPqhwAoVXWY3tXI,2021-02-12,['country']
961,The Good Ones,Gabby Barrett,3hLuHKzG1cmlRpq53ZVWd8,2020-06-19,['country']
962,Leave Before You Love Me,Marshmello & Jonas Brothers,4qu63nuBpdn0qHUHuObEj1,2021-05-21,['edm']
963,Glad You Exist,Dan + Shay,472vIK1ldetTxRxG3ovaiY,2021-02-05,['country']
964,Lonely,Justin Bieber & Benny Blanco,3S8jK1mGzQi24ilFb45DAZ,2021-03-19,[]
965,Beggin',Måneskin,3Wrjm47oTz2sjIgck11l5e,2017-12-08,[]
966,Streets,Doja Cat,60ynsPSSKe6O3sfwRnIBRf,2019-11-07,[]
967,What's Next,Drake,3aQem4jVGdhtg116TmJnHz,2021-03-05,['rap']
968,Famous Friends,Chris Young & Kane Brown,4iXDn9pu5Q9sxv45vE8Lak,2020-11-20,"['country', 'acoustic country']"
969,Lil Bit,Nelly & Florida Georgia Line,33aow0AcXYvT1FoWNzMcqN,2021-08-27,[]
970,Thot Shit,Megan Thee Stallion,7FdmHr87G79PDRGy9SPBkZ,2021-10-29,[]
971,Late at Night,Roddy Ricch,6kksmL4t09IgxhajuVDDxR,2021-12-17,['melodic rap']
972,Kings & Queens,Ava Max,7a53HqqArd4b9NF4XAmlbI,2020-09-18,[]
973,Anyone,Justin Bieber,31qCy5ZaophVA81wtlwLc4,2021-01-01,[]
974,Track Star,Mooski,5hChuUMe5iHfjkXgzj1D4b,2021-02-09,[]
975,Time Today,Moneybagg Yo,0YrKSfpvflYnLSBd4Jtu6J,2021-04-23,['memphis rap']
976,Cry Baby,Megan Thee Stallion,4aarlAfLKVCTxUDNgbwhjH,2020-11-20,[]
977,All I Want for Christmas Is You,Mariah Carey,0bYg9bo50gSsH3LtXe2SQn,1994-10-28,['christmas']
978,No More Parties,Coi Leray,3R6wLBD4oU6op8L4YfMho9,2021-01-22,[]
979,What's Your Country Song,Thomas Rhett,4oR2cCQGs0Yt0Mgr2diV6V,2021-04-30,"['country', 'acoustic country', 'pop country']"
980,One Too Many,Keith Urban & Pink,5NUXE8W12lWcUXgJRCjeEw,2020-09-16,['country']
981,Arcade,Duncan Laurence,1J14CdDAvBTE1AJYUOwl6C,2020-11-12,[]
982,Yonaguni,Bad Bunny,2JPLbjOn0wPCngEot2STUS,2021-06-04,"['reggaeton', 'trap latino', 'urbano latino', 'latin']"
983,Good Time,Niko Moon,2S8UMuLJ0z8agFgFGJ6Ztt,2021-08-27,['country']
984,If I Didn't Love You,Jason Aldean & Carrie Underwood,7IYoh1u7dFM1xIWSEYd5B8,2021-11-12,"['country', 'acoustic country']"
985,Knife Talk,Drake,2BcMwX1MPV6ZHP4tUT9uq6,2021-09-03,['rap']
986,POV,Ariana Grande,3UoULw70kMsiVXxW0L3A33,2020-10-30,['pop']
987,Just the Way,Parmalee & Blanco Brown,4h5OVQQbeqw3lNaFIbmlzG,2021-07-30,['country']
988,Take My Breath,The Weeknd,2vgUijXOTRMnWXDtvgMp2b,2022-01-06,[]
989,We're Good,Dua Lipa,1diS6nkxMQc3wwC4G1j0bh,2021-02-11,['pop']
990,Hell of a View,Eric Church,4mXGooManGPH6xAWRAtRJU,2021-04-23,"['country', 'acoustic country']"
991,Rockin' Around the Christmas Tree,Brenda Lee,2EjXfH91m7f8HiJN1yQg97,1964-10-19,['christmas']
992,Put Your Records On,Ritt Momney,6AGOKlMZWLCaEJGnaROtF9,2020-04-24,['bedroom pop']
993,Happier Than Ever,Billie Eilish,4RVwu0g32PAqgUiJoXsdF8,2021-07-30,[]
994,Single Saturday Night,Cole Swindell,6LnIxE8CqkK7faQV76nEHS,2022-04-08,"['country', 'acoustic country']"
995,Things a Man Oughta Know,Lainey Wilson,3S0sk6DSTgesXsUSAEHNr5,2021-02-19,['country']
996,Throat Baby (Go Baby),BRS Kash,15C4TnrrVdym7UykxQIOTZ,2021-01-21,[]
997,Tombstone,Rod Wave,3zc8VZEpM1onYV4FWGdFvm,2021-03-26,[]
998,Drinkin' Beer. Talkin' God. Amen.,Chase Rice,0rOVgtieEk5SoypbulRiKI,2021-05-28,"['country', 'acoustic country']"
999,Todo de Ti,Rauw Alejandro,3rdAz1fbUfZxYgaCviYhRo,2021-12-10,"['reggaeton', 'urbano latino', 'trap latino', 'latin']"
1000,Heat Waves,Glass Animals,3USxtqRwSYz57Ewm6wWRMp,2020-08-07,[]
1001,As It Was,Harry Styles,4Dvkj6JhhA12EX05fT7y2e,2022-05-20,[]
1002,Stay,The Kid Laroi & Justin Bieber,5HCyWlXZPP0y6Gqq8TgA20,2021-07-09,[]
1003,Easy on Me,Adele,46IZ0fSY2mpAiktS3KOqds,2021-11-19,['soft pop']
1004,Shivers,Ed Sheeran,50nfwKoDiSYg8zOCREWAm5,2021-10-25,['soft pop']
1005,First Class,Jack Harlow,0wHFktze2PHC5jDt3B17DC,2022-05-06,[]
1006,Big Energy,Latto,4pi1G1x8tl9VfdD9bL3maT,2022-03-25,[]
1007,Ghost,Justin Bieber,6I3mqTwhRpn34SLVafSH7G,2021-03-19,[]
1008,Super Gremlin,Kodak Black,4A8cWXxKfIL3lAyUDzXbCF,2021-10-30,[]
1009,Cold Heart (Pnau Remix),Elton John & Dua Lipa,6zSpb8dQRaw0M1dK8PBwQz,2021-08-13,[]
1010,Wait for U,Future,59nOXPmaKlBfGMDeOVGrIK,2022-04-29,['rap']
1011,About Damn Time,Lizzo,6HMtHNpW6YPi1hrw9tgF8P,2022-07-15,[]
1012,Bad Habits,Ed Sheeran,3rmo8F54jFF8OgYsqTxm5d,2021-10-25,['soft pop']
1013,Thats What I Want,Lil Nas X,0e8nrvls4Qqv5Rfa2UhqmO,2021-09-17,[]
1014,Enemy,Imagine Dragons & JID,3CIyK1V4JEJkg02E4EJnDl,2022-07-01,[]
1015,Industry Baby,Lil Nas X & Jack Harlow,5Z9KJZvQzH6PFmb8SNkxuk,2021-09-17,[]
1016,ABCDEFU,Gayle,4fouWK6XVHhzl78KzQ1UjL,2021-08-13,[]
1017,Need to Know,Doja Cat,3Vi5XqYrmQgOYBajMWSvCi,2021-06-25,[]
1018,Wasted on You,Morgan Wallen,3cBsEDNhFI9E82vPj3kvi3,2021-01-08,['country']
1019,Me Porto Bonito,Bad Bunny & Chencho Corleone,6Sq7ltF9Qa7SNFBsV5Cogx,2022-05-06,"['reggaeton', 'trap latino', 'urbano latino', 'latin']"
1020,Woman,Doja Cat,6Uj1ctrBOjOas8xZXGqKk4,2021-06-25,[]
1021,Tití Me Preguntó,Bad Bunny,1IHWl5LamUGEuP4ozKQSXZ,2022-05-06,"['reggaeton', 'trap latino', 'urbano latino', 'latin']"
1022,Running Up That Hill (A Deal with God),Kate Bush,1PtQJZVZIdWIYdARpZRDFO,1985-09-16,"['art pop', 'baroque pop', 'art rock']"
1023,We Don't Talk About Bruno,Carolina Gaitán & Adassa & Rhenzy Feliz & Diane Guerrero & Stephanie Beatriz & Encanto,52xJxFP6TqMuO4Yt0eOkMz,2021-11-19,[]
1024,Late Night Talking,Harry Styles,1qEmFfgcLObUfQm0j1W2CK,2022-05-20,[]
1025,I Like You (A Happier Song),Post Malone,0O6u0VJ46W86TxN9wgyqDj,2022-06-03,[]
1026,You Proof,Morgan Wallen,5W4kiM2cUYBJXKRudNyxjW,2023-03-03,['country']
1027,Bad Habit,Steve Lacy,4k6Uh1HXdhtusDW5y8Gbvy,2022-07-15,[]
1028,Sunroof,Nicky Youre,5YqEzk3C5c3UZ1D5fJUlXA,2023-06-09,[]
1029,One Right Now,Post Malone & the Weeknd,1nltpRhEiXikwDlVn4UADk,2022-06-03,[]
1030,Good 4 U,Olivia Rodrigo,4ZtFanR9U6ndgddUvNcjcG,2021-05-21,[]
1031,Numb Little Bug,Em Beihold,3o9kpgkIcffx0iSwxhuNI2,2022-01-28,[]
1032,Jimmy Cooks,Drake,3F5CgOj3wFlRv51JsHbxhe,2022-06-17,['rap']
1033,'Til You Can't,Cody Johnson,4k3lPl8YTKuY8c1HelVnm3,2021-10-08,"['texas country', 'country', 'red dirt']"
1034,Fancy Like,Walker Hayes,58UKC45GPNTflCN6nwCUeF,2022-01-21,['country']
1035,The Kind of Love We Make,Luke Combs,48UKTR66uUOT9LaUvooTNx,2022-06-24,['country']
1036,I Ain't Worried,OneRepublic,4h9wh7iOZ0GGn8QVp4RAOB,2022-05-13,['soft pop']
1037,Break My Soul,Beyoncé,5pyoxDZ1PX0KxBxiRVxA4U,2022-07-29,[]
1038,Something in the Orange,Zach Bryan,3WMj8moIAXJhHsyLaqIIHI,2022-04-22,"['country', 'red dirt']"
1039,Save Your Tears,The Weeknd & Ariana Grande,1oFAF1hdPOickyHgbuRjyX,2020-03-20,[]
1040,Smokin out the Window,Silk Sonic & Bruno Mars & Anderson .Paak,3xVZYkcuWalGudeKl861wb,2021-11-11,[]
1041,Levitating,Dua Lipa,5nujrmhLynf4yMoMtj8AQF,2020-03-27,['pop']
1042,In a Minute,Lil Baby,31lopd32BkJBTSgYE16c5e,2022-10-14,[]
1043,Moscow Mule,Bad Bunny,6Xom58OOXk2SoU711L2IXO,2022-05-06,"['reggaeton', 'trap latino', 'urbano latino', 'latin']"
1044,You Right,Doja Cat & the Weeknd,0k4d5YPDr1r7FX77VdqWez,2021-06-25,[]
1045,She Had Me at Heads Carolina,Cole Swindell,200x8ONbPfFzByUr3fVz46,2022-04-08,"['country', 'acoustic country']"
1046,Vegas,Doja Cat,0hquQWY3xvYqN4qtiquniF,2022-05-06,[]
1047,Pushin P,Gunna & Future,3XOalgusokruzA5ZBA2Qcb,2022-01-13,['melodic rap']
1048,Buy Dirt,Jordan Davis & Luke Bryan,69AIpwGNLxr4qS1X5ynx60,2021-05-21,['country']
1049,I Hate U,SZA,2aJnyNu4PQxQ2lyj5boiMG,2022-12-09,['r&b']
1050,Boyfriend,Dove Cameron,59CfNbkERJ3NoTXDvoURjj,2022-02-11,[]
1051,Glimpse of Us,Joji,2mlNgAeIBnL78ZriXgrRHz,2022-11-04,[]
1052,Surface Pressure,Jessica Darrow,760jhRscwGbIIe1m1IIQpU,2021-11-19,[]
1053,Fall in Love,Bailey Zimmerman,0rCFRyEy4WXjRXNpO80Dzs,2023-01-11,['country']
1054,Love Nwantiti (Ah Ah Ah),CKay,2Xr1dTzJee307rmrkt8c0g,2019-08-30,"['afrobeats', 'afrobeat', 'afropop']"
1055,Super Freaky Girl,Nicki Minaj,4C6Uex2ILwJi9sZXRdmqXp,2022-08-12,[]
1056,Hrs and Hrs,Muni Long,3ncmoWTwJgx63LwMTyBCXf,2022-09-23,[]
1057,Sand in My Boots,Morgan Wallen,0uRrG2jRR5tuifsYIJHEao,2021-01-08,['country']
1058,Mamiii,Becky G & Karol G,7FlQk2gJ6TBrHHiidvdR2O,2022-05-13,"['reggaeton', 'latin']"
1059,Knife Talk,Drake,2BcMwX1MPV6ZHP4tUT9uq6,2021-09-03,['rap']
1060,AA,Walker Hayes,6aIrXGmaFqPafbYgxbMUsj,2022-01-21,['country']
1061,Sweetest Pie,Megan Thee Stallion & Dua Lipa,7mFj0LlWtEJaEigguaWqYh,2022-03-11,[]
1062,Provenza,Karol G,3HqcNJdZ2seoGxhn0wVNDK,2023-02-24,"['reggaeton', 'latin', 'urbano latino']"
1063,Essence,Wizkid,5FG7Tl93LdH117jEKYl3Cm,2020-10-29,"['afrobeats', 'afrobeat', 'afropop', 'azonto', 'afroswing', 'afropiano']"
1064,All I Want for Christmas Is You,Mariah Carey,0bYg9bo50gSsH3LtXe2SQn,1994-10-28,['christmas']
1065,Bam Bam,Camila Cabello,0QBzMgT7NIeoCYy3sJCof1,2022-03-04,[]
1066,5 Foot 9,Tyler Hubbard,6AqwH2Y9FJwhUE2dCSkw1u,2022-05-20,['country']
1067,Get Into It (Yuh),Doja Cat,0W6I02J9xcqK8MtSeosEXb,2021-06-25,[]
1068,Efecto,Bad Bunny,5Eax0qFko2dh7Rl2lYs3bx,2022-05-06,"['reggaeton', 'trap latino', 'urbano latino', 'latin']"
1069,Rock and a Hard Place,Bailey Zimmerman,1TE8AAk9koG0UJco6ZAUfx,2023-01-11,['country']
1070,Doin' This,Luke Combs,6TpyujRefwsflWFXbmjVpj,2022-06-24,['country']
1071,Oh My God,Adele,3Kkjo3cT83cw09VJyrLNwX,2021-11-19,['soft pop']
1072,Better Days,Neiked & Mae Muller & Polo G,6f5ExP43esnvdKPddwKXJH,2021-09-24,[]
1073,Meet Me at Our Spot,The Anxiety & Willow & Tyler Cole,07MDkzWARZaLEdKxo6yArG,2020-03-13,[]
1074,Fingers Crossed,Lauren Spencer-Smith,4wH7ZoqgETaACS9BlUkvuY,2023-07-14,[]
1075,All Too Well (Taylor's Version),Taylor Swift,5enxwA8aAbwZbf5qCHORXi,2021-11-12,[]
1076,Party,Bad Bunny & Rauw Alejandro,4tYFy8ALRjIZvnvSLw5lxN,2022-05-06,"['reggaeton', 'trap latino', 'urbano latino', 'latin']"
1077,Después de la Playa,Bad Bunny,1dm6z1fWB0cErMszU25dy2,2022-05-06,"['reggaeton', 'trap latino', 'urbano latino', 'latin']"
1078,You Should Probably Leave,Chris Stapleton,2UikqkwBv7aIvlixeVXHWt,2020-11-13,['country']
1079,Rockin' Around the Christmas Tree,Brenda Lee,2EjXfH91m7f8HiJN1yQg97,1964-10-19,['christmas']
1080,Broadway Girls,Lil Durk,7qTaDOcld0VmBWXnkbUj45,2022-03-10,['drill']
1081,Take My Name,Parmalee,7g0Zfd5J6Hzx9M2fRUMuba,2021-07-30,['country']
1082,What Happened to Virgil,Lil Durk,7ohROa13QK43JBRqfCmz4P,2022-03-11,['drill']
1083,Puffin on Zootiez,Future,1qMMYpVatbRITKCfq1gasi,2022-04-29,['rap']
1084,Like I Love Country Music,Kane Brown,3j1xkzTW8owIphkWV51V9s,2022-05-06,"['country', 'pop country']"
1085,Jingle Bell Rock,Bobby Helms,7vQbuQcyTflfCIOu3Uzzya,1957-12-02,['christmas']
1086,Ojitos Lindos,Bad Bunny & Bomba Estéreo,3k3NWokhRRkEPhCzPmV8TW,2022-05-06,"['reggaeton', 'trap latino', 'urbano latino', 'latin']"
1087,Trouble with a Heartbreak,Jason Aldean,0P9c1rdCeGAkCeS425KbI5,2022-04-22,"['country', 'acoustic country']"
1088,A Holly Jolly Christmas,Burl Ives,77khP2fIVhSW23NwxrRluh,1965-10-01,['christmas']
1089,Kiss Me More,Doja Cat,3DarAbFujv6eYNliUTyqtz,2021-06-25,[]
1090,She Likes It,Russell Dickerson,6VVqPBFZIbcmv14zNfOc13,2021-11-05,['country']
1091,Never Say Never,Cole Swindell & Lainey Wilson,3iYEsBl8NBq1o1j5uY2Noe,2022-04-08,"['country', 'acoustic country']"
1092,Damn Strait,Scotty McCreery,0gNrujgnSfw4LuSvd0Jbs6,2021-09-17,"['country', 'acoustic country']"
1093,She's All I Wanna Be,Tate McRae,7l9IqDtVWJurTvkQHq1BGh,2022-05-27,[]
1094,Last Night Lonely,Jon Pardi,0k11c8vwyeNSGQex6UMa1v,2022-09-02,"['country', 'acoustic country']"
1095,Flower Shops,Ernest,1DbZAffh8GGwW41Q3AU8iC,2022-03-11,['country']
1096,To the Moon,Jnr Choi,5vUnjhBzRJJIAOJPde6zDx,2021-11-06,[]
1097,Unholy,Sam Smith & Kim Petras,3nqQXoyQOWXiESFLlDF1hG,2022-09-22,['soft pop']
1098,One Mississippi,Kane Brown,4FdPnT2cFrpWCmWZd7GXc3,2021-08-20,"['country', 'pop country']"
1099,Circles Around This Town,Maren Morris,13G5xv1wUKvJYbK0wYmioN,2022-01-07,['country']
1100,Last Night,Morgan Wallen,7K3BhSpAxZBznislvUMVtn,2023-03-03,['country']
1101,Flowers,Miley Cyrus,7DSAEUvxU8FajXtRloy8M0,2023-08-18,[]
1102,Kill Bill,SZA,1Qrg8KqiBpW07V7PNxwwwL,2022-12-08,['r&b']
1103,Anti-Hero,Taylor Swift,0V3wPSX9ygBnCm8psDIegu,2022-10-21,[]
1104,Creepin',Metro Boomin & the Weeknd & 21 Savage,2dHHgzDwk4BJdRwy9uXhTO,2022-12-02,[]
1105,Calm Down,Rema & Selena Gomez,0WtM2NBVQNNJLh6scP13H8,2022-08-25,"['afrobeats', 'afrobeat', 'afropop', 'afropiano']"
1106,Die for You,The Weeknd & Ariana Grande,4W4fNrZYkobj539TOWsLO2,2023-03-14,[]
1107,Fast Car,Luke Combs,1Lo0QY9cvc8sUB2vnIOxDT,2023-03-24,['country']
1108,Snooze,SZA,4iZ4pt7kvcaH6Yo8UoZ4s2,2022-12-09,['r&b']
1109,I'm Good (Blue),David Guetta & Bebe Rexha,4uUG5RXrOk84mYEfFvj3cK,2022-08-26,"['edm', 'dance']"
1110,Unholy,Sam Smith & Kim Petras,3nqQXoyQOWXiESFLlDF1hG,2022-09-22,['soft pop']
1111,You Proof,Morgan Wallen,5W4kiM2cUYBJXKRudNyxjW,2023-03-03,['country']
1112,Something in the Orange,Zach Bryan,3WMj8moIAXJhHsyLaqIIHI,2022-04-22,"['country', 'red dirt']"
1113,Rich Flex,Drake & 21 Savage,1bDbXMyjaUIooNwFE9wn0N,2022-11-04,['rap']
1114,As It Was,Harry Styles,4Dvkj6JhhA12EX05fT7y2e,2022-05-20,[]
1115,Rock and a Hard Place,Bailey Zimmerman,1TE8AAk9koG0UJco6ZAUfx,2023-01-11,['country']
1116,Under the Influence,Chris Brown,5IgjP7X4th6nMNDh4akUHb,2019-10-04,['r&b']
1117,Cruel Summer,Taylor Swift,1BxfuPKGuaTgP7aM0Bbdwr,2019-08-23,[]
1118,Thinkin' Bout Me,Morgan Wallen,0PAcdVzhPO4gq1Iym9ESnK,2023-03-03,['country']
1119,Boy's a Liar Pt. 2,PinkPantheress & Ice Spice,6AQbmUe0Qwf5PZnt4HmTXv,2023-02-03,['bedroom pop']
1120,Favorite Song,Toosii,1SRw5p2lVAi7RGlHEmZg66,2023-02-17,[]
1121,Thought You Should Know,Morgan Wallen,3Qu3Zh4WTKhP9GEXo0aDnb,2023-03-03,['country']
1122,Thank God,Kane Brown & Katelyn Brown,1brnLTvarI9D1hLP6z2Ar8,2022-09-09,"['country', 'pop country']"
1123,Sure Thing,Miguel,0JXXNGljqupsJaZsgSbMZV,2010-11-26,['r&b']
1124,All My Life,Lil Durk,6HgWWaMu31KdOpEG5l28BG,2023-05-12,['drill']
1125,Ella Baila Sola,Eslabon Armado & Peso Pluma,3dnP0JxCgygwQH9Gm7q7nb,2023-03-16,"['corridos tumbados', 'sad sierreño', 'corrido', 'sierreño', 'música mexicana', 'corridos bélicos']"
1126,Karma,Taylor Swift,7KokYm8cMIXCsGVmUvKtqf,2022-10-21,[]
1127,Just Wanna Rock,Lil Uzi Vert,4FyesJzVpA39hbYvcseO2d,2022-10-17,['melodic rap']
1128,Cuff It,Beyoncé,1xzi1Jcr7mEi9K2RfzLOqS,2022-07-29,[]
1129,Vampire,Olivia Rodrigo,1kuGVB7EU95pJObxwvfwKS,2023-09-08,[]
1130,FukUMean,Gunna,4rXLjWdF2ZZpXCVTfWcshS,2023-06-16,['melodic rap']
1131,Lavender Haze,Taylor Swift,5jQI2r1RdgtuT8S3iG8zFC,2022-10-21,[]
1132,Players,Coi Leray,6UN73IYd0hZxLi8wFPMQij,2022-11-30,[]
1133,Need a Favor,Jelly Roll,07on0OB2cdPt79IFsgdRUy,2023-06-02,"['country hip hop', 'country']"
1134,Dance the Night,Dua Lipa,1vYXt7VSjH9JIM5oRRo7vA,2023-05-25,['pop']
1135,Love You Anyway,Luke Combs,2kYevr8cbIAH2ha8210Bnz,2023-03-24,['country']
1136,One Thing at a Time,Morgan Wallen,1rXq0uoV4KTgRN64jXzIxo,2023-03-03,['country']
1137,Superhero (Heroes & Villains),Metro Boomin & Future & Chris Brown,0vjeOZ3Ft5jvAi9SBFJm1j,2022-12-02,[]
1138,Bad Habit,Steve Lacy,4k6Uh1HXdhtusDW5y8Gbvy,2022-07-15,[]
1139,La Bebé,Yng Lvcas & Peso Pluma,2UW7JaomAMuX9pZrjVpHAU,2023-03-17,"['reggaeton mexa', 'reggaeton', 'electro corridos']"
1140,Golden Hour,Jvke,4yNk9iz9WVJikRFle3XEvn,2022-10-03,[]
1141,Religiously,Bailey Zimmerman,0bILU0UiNDmA5Ff6whhb2R,2023-01-11,['country']
1142,Spin Bout U,Drake & 21 Savage,2ZL7WZcjuYKi1KUDtp4kCC,2022-11-04,['rap']
1143,Cupid,Fifty Fifty,4gXHG9domIKO6FIViDISA4,2023-09-22,['k-pop']
1144,Search & Rescue,Drake,7aRCf5cLOFN1U7kvtChY1G,2023-04-07,['rap']
1145,Barbie World,Nicki Minaj & Ice Spice & Aqua,741UUVE2kuITl0c6zuqqbO,2023-06-23,[]
1146,Next Thing You Know,Jordan Davis,39OclE5hZematADrdfaWvE,2023-02-17,['country']
1147,Escapism,Raye,5mHdCZtVyb4DcJw8799hZp,2023-02-03,[]
1148,Un x100to,Grupo Frontera & Bad Bunny,6pD0ufEQq0xdHSsRbg9LBK,2023-04-17,"['cumbia norteña', 'banda', 'norteño', 'música mexicana', 'corrido', 'corridos tumbados', 'grupera', 'corridos bélicos', 'tejano']"
1149,Until I Found You,Stephen Sanchez,1Y3LN4zO1Edc2EluIoSPJN,2022-04-22,[]
1150,Shirt,SZA,2wSTnntOPRi7aQneobFtU4,2022-12-09,['r&b']
1151,Paint the Town Red,Doja Cat,2IGMVunIBsBLtEQyoI1Mu7,2023-08-04,[]
1152,Made You Look,Meghan Trainor,0QHEIqNKsMoOY5urbzN48u,2022-10-21,[]
1153,Wait in the Truck,Hardy,6fDlK6P4s3BVMls9EmfCWI,2023-01-20,"['country', 'country rock']"
1154,All I Want for Christmas Is You,Mariah Carey,0bYg9bo50gSsH3LtXe2SQn,1994-10-28,['christmas']
1155,Everything I Love,Morgan Wallen,03fs6oV5JAlbytRYf3371S,2023-03-03,['country']
1156,Chemical,Post Malone,5w40ZYhbBMAlHYNDaVJIUu,2023-04-14,[]
1157,Heart Like a Truck,Lainey Wilson,5DIBVDJOHh7djepAjKHWCO,2022-11-28,['country']
1158,"Going, Going, Gone",Luke Combs,67AdiJcurlf6gocGobfaXs,2022-06-24,['country']
1159,Rockin' Around the Christmas Tree,Brenda Lee,2EjXfH91m7f8HiJN1yQg97,1964-10-19,['christmas']
1160,Dancin' in the Country,Tyler Hubbard,2KtGiBi5CrX2ERPD2PAS34,2023-01-27,['country']
1161,Daylight,David Kushner,5OGZ2Mx4Cs6RCndDRycGBJ,2024-08-30,[]
1162,Lift Me Up,Rihanna,35ovElsgyAtQwYPYnZJECg,2022-10-28,[]
1163,Eyes Closed,Ed Sheeran,3p7XQpdt8Dr6oMXSvRZ9bg,2023-05-05,['soft pop']
1164,TQG,Karol G & Shakira,0DWdj2oZMBFSzRsi2Cvfzf,2023-02-24,"['reggaeton', 'latin', 'urbano latino']"
1165,Try That in a Small Town,Jason Aldean,5BqI4ugJL5WaPRQ6MlC8Ho,2023-11-03,"['country', 'acoustic country']"
1166,Tennessee Orange,Megan Moroney,6DLbBlGIOjjEj0dNN25zhZ,2023-05-05,['country']
1167,Jingle Bell Rock,Bobby Helms,7vQbuQcyTflfCIOu3Uzzya,1957-12-02,['christmas']
1168,Princess Diana,Ice Spice & Nicki Minaj,0ZxhtATQ0a6EvQNZ0z6NKV,2023-04-14,[]
1169,Tomorrow 2,GloRilla & Cardi B,0WNfQxDGaPTl0yogcMR5v1,2022-11-11,[]
1170,A Holly Jolly Christmas,Burl Ives,77khP2fIVhSW23NwxrRluh,1965-10-01,['christmas']
1171,Where She Goes,Bad Bunny,7ro0hRteUMfnOioTFI5TG1,2023-05-18,"['reggaeton', 'trap latino', 'urbano latino', 'latin']"
1172,Bebe Dame,Fuerza Regida & Grupo Frontera,0mzsLrUNazBaRfYZfjmpSV,2022-12-16,"['corrido', 'corridos tumbados', 'corridos bélicos', 'música mexicana', 'banda', 'sierreño', 'electro corridos', 'sad sierreño']"
1173,I Remember Everything,Zach Bryan,4KULAymBBJcPRpk1yO4dOG,2023-08-25,"['country', 'red dirt']"
1174,I Like You (A Happier Song),Post Malone,0O6u0VJ46W86TxN9wgyqDj,2022-06-03,[]
1175,What It Is (Block Boy),Doechii,1O8zCu3dLLPxkbGfIsbRgE,2023-03-17,[]
1176,Nobody Gets Me,SZA,5Y35SjAfXjjG0sFQ3KOxmm,2022-12-09,['r&b']
1177,Rich Men North of Richmond,Oliver Anthony Music,78Du4CMFgnhdlG33gblkiP,2023-08-11,['country']
1178,Super Freaky Girl,Nicki Minaj,4C6Uex2ILwJi9sZXRdmqXp,2022-08-12,[]
1179,Dial Drunk,Noah Kahan & Post Malone,22VHOlVYBqytsrAqV8yXBK,2023-07-18,[]
1180,What Was I Made For?,Billie Eilish,6wf7Yu7cxBSPrRlWeSeK0Q,2023-07-13,[]
1181,Seven,Jungkook,2HRgqmZQC0MC7GeNuDIXHN,2023-11-03,['k-pop']
1182,Wait for U,Future,59nOXPmaKlBfGMDeOVGrIK,2022-04-29,['rap']
1183,Last Christmas,Wham!,2FRnf9qhLbvw8fu4IBXx78,1984-11-29,['christmas']
1184,Handle on You,Parker McCollum,4reXo2zg1uhEIpUAacDb9C,2023-05-12,"['texas country', 'red dirt', 'country']"
1185,Por Las Noches,Peso Pluma,6YWME4xCa5Lm6X1exVMQIC,2021-06-11,"['corrido', 'corridos tumbados', 'corridos bélicos', 'música mexicana', 'sad sierreño', 'banda', 'electro corridos']"
1186,Memory Lane,Old Dominion,1nrgBXtczBXNSlqIezjwbR,2023-10-06,['country']
1187,Area Codes,Kaliii,7sliFe6W30tPBPh6dvZsIH,2023-03-17,[]
1188,Bury Me in Georgia,Kane Brown,4EKH0ajMHXTkq4ztWuztVH,2022-09-09,"['country', 'pop country']"
1189,PRC,Peso Pluma & Natanael Cano,2mpoNBkngUEwnaKoBhZ0vl,2023-01-23,"['corrido', 'corridos tumbados', 'corridos bélicos', 'música mexicana', 'sad sierreño', 'banda', 'electro corridos']"
1190,What My World Spins Around,Jordan Davis,6vjZxvzdAeHp7jv3R398Xm,2023-02-17,['country']
1191,Ain't That Some,Morgan Wallen,2YVlDlk2zRceefo6XlC6DX,2023-03-03,['country']
1192,Wild as Her,Corey Kent,3kXH9BQq0TyNliiP1MIE6N,2023-06-02,"['country', 'texas country']"
1193,Peaches & Eggplants,Young Nudy,1KUZ33cOqk3X4Ezk0aZnVp,2023-02-27,[]
1194,I Wrote the Book,Morgan Wallen,7phmBo7bB9I9YifAXqnlqV,2023-03-03,['country']
1195,"Bzrp Music Sessions, Vol. 53",Bizarrap & Shakira,4nrPB8O7Y7wsOCJdgXkthe,2023-01-11,"['argentine trap', 'trap latino', 'urbano latino']"
1196,Meltdown,Travis Scott,67nepsnrcZkowTxMWigSbb,2023-07-28,['rap']
1197,Put It on da Floor Again,Latto,6c6WmIHcHlhccEwSFBhzNa,2023-06-02,[]
1198,Bloody Mary,Lady Gaga,53jnnqFSRGMDB9ADrNriCA,2011-05-23,"['art pop', 'pop']"
1199,Watermelon Moonshine,Lainey Wilson,3sYBFUXTv0STUoUINx9Qe8,2022-11-28,['country']
1200,Lose Control,Teddy Swims,17phhZDn6oGtzMe56NuWvj,2023-09-15,[]
1201,A Bar Song (Tipsy),Shaboozey,2FQrifJ1N335Ljm3TjTVVf,2024-04-12,[]
1202,Beautiful Things,Benson Boone,3xkHsmpQCBMytMJNiDf3Ii,2024-04-05,[]
1203,I Had Some Help,Post Malone,7221xIgOnuakPdLqT0F3nP,2024-05-10,[]
1204,Lovin on Me,Jack Harlow,4xhsWYTOGcal8zt0J161CU,2023-11-10,[]
1205,Not Like Us,Kendrick Lamar,6AI3ezQ4o3HUoP6Dhudph3,2024-05-04,"['hip hop', 'west coast hip hop']"
1206,Espresso,Sabrina Carpenter,2HRqTpkrJO5ggZyyK6NPWz,2024-08-23,[]
1207,Million Dollar Baby,Tommy Richman,5AJ9hqTS2wcFQCELCFRO7A,2024-04-26,[]
1208,I Remember Everything,Zach Bryan,4KULAymBBJcPRpk1yO4dOG,2023-08-25,"['country', 'red dirt']"
1209,Too Sweet,Hozier,19XpFsce28aByvCC4g89tJ,2024-08-19,[]
1210,Stick Season,Noah Kahan,0mflMxspEfB0VbI1kyLiAv,2022-10-14,[]
1211,Cruel Summer,Taylor Swift,1BxfuPKGuaTgP7aM0Bbdwr,2019-08-23,[]
1212,Greedy,Tate McRae,3rUGC1vUpkDG9CZFHMur1t,2023-09-15,[]
1213,Like That,Future & Metro Boomin & Kendrick Lamar,2tudvzsrR56uom6smgOcSf,2024-03-22,['rap']
1214,Birds of a Feather,Billie Eilish,6dOtVTDdiauQNBQEDOtlAB,2024-05-17,[]
1215,Please Please Please,Sabrina Carpenter,2tHwzyyOLoWSFqYNjeVMzj,2024-08-23,[]
1216,Agora Hills,Doja Cat,7dJYggqjKo71KI9sLzqCs8,2023-09-22,[]
1217,"Good Luck, Babe!",Chappell Roan,0WbMK4wrZ1wFSty9F7FCgu,2024-04-05,[]
1218,Saturn,SZA,040I32EKLxQrkuxQu1pqvT,2024-12-20,['r&b']
1219,Snooze,SZA,4iZ4pt7kvcaH6Yo8UoZ4s2,2022-12-09,['r&b']
1220,Paint the Town Red,Doja Cat,2IGMVunIBsBLtEQyoI1Mu7,2023-08-04,[]
1221,Fortnight,Taylor Swift,2OzhQlSqBEmt7hmkYxfT6m,2024-04-18,[]
1222,Fast Car,Luke Combs,1Lo0QY9cvc8sUB2vnIOxDT,2023-03-24,['country']
1223,Water,Tyla,5aIVCx5tnk0ntmdiinnYvw,2023-07-28,['afrobeats']
1224,Feather,Sabrina Carpenter,2Zo1PcszsT9WQ0ANntJbID,2023-03-17,[]
1225,We Can't Be Friends (Wait for Your Love),Ariana Grande,51ZQ1vr10ffzbwIjDCwqm4,2024-03-08,['pop']
1226,Austin,Dasha,2uqYupMHANxnwgeiXTZXzd,2024-02-16,[]
1227,Last Night,Morgan Wallen,7K3BhSpAxZBznislvUMVtn,2023-03-03,['country']
1228,Cowgirls,Morgan Wallen,7fveJ3pk1eSfxBdVkzdXZ0,2023-03-03,['country']
1229,Pink Skies,Zach Bryan,4ZJ4vzLQekI0WntDbanNC7,2024-05-24,"['country', 'red dirt']"
1230,Thinkin' Bout Me,Morgan Wallen,0PAcdVzhPO4gq1Iym9ESnK,2023-03-03,['country']
1231,Texas Hold 'Em,Beyoncé,0Z7nGFVCLfixWctgePsRk9,2024-02-11,[]
1232,Is It Over Now?,Taylor Swift,1Iq8oo9XkmmvCQiGOfORiz,2023-10-26,[]
1233,Miles on It,Marshmello & Kane Brown,4pkb8SbRGeHAvdb87v9rpf,2024-05-03,['edm']
1234,I Can Do It with a Broken Heart,Taylor Swift,4q5YezDOIPcoLr8R81x9qy,2024-04-18,[]
1235,Wild Ones,Jessie Murph & Jelly Roll,0kE09o4Jdeu7vqjmkV1YJP,2024-09-06,[]
1236,Ain't No Love in Oklahoma,Luke Combs,6GG4yyk3UATdBfTHVgI8PB,2024-05-16,['country']
1237,Carnival,¥$ & Kanye West & Ty Dolla Sign,2McT2fkH0VDqPsbiB9HWPq,2024-02-09,[]
1238,Houdini,Eminem,2HYFX63wP3otVIvopRS99Z,2024-05-31,"['rap', 'hip hop']"
1239,Wanna Be,GloRilla & Megan Thee Stallion,7mOC6phfrfz3jfigg1aGsE,2024-04-05,[]
1240,Slow It Down,Benson Boone,51eSHglvG1RJXtL3qI5trr,2024-04-05,[]
1241,Redrum,21 Savage,52eIcoLUM25zbQupAZYoFh,2024-01-12,[]
1242,Houdini,Dua Lipa,6D8y7Bck8h11byRY88Pt2z,2024-05-03,['pop']
1243,Yeah Glo!,GloRilla,5A8xI7PN4WDe9e61xEdt94,2024-04-05,[]
1244,Rich Baby Daddy,Drake,1yeB8MUNeLo9Ek1UEpsyz6,2023-10-06,['rap']
1245,What Was I Made For?,Billie Eilish,6wf7Yu7cxBSPrRlWeSeK0Q,2023-07-13,[]
1246,End of Beginning,Djo,3qhlB30KknSejmIvZZLjOD,2022-09-16,['psychedelic pop']
1247,Lunch,Billie Eilish,629DixmZGHc7ILtEntuiWE,2024-05-17,[]
1248,Never Lose Me,Flo Milli,2x2olWuWXpqjoeE4bO1NFS,2024-03-15,[]
1249,Lies Lies Lies,Morgan Wallen,1KL0yUBT1U2PfVUWIhWL7l,2025-05-16,['country']
1250,Type Shit,Future & Metro Boomin & Travis Scott & Playboi Carti,28drn6tQo95MRvO0jQEo5C,2024-03-22,['rap']
1251,Gata Only,FloyyMenor & Cris MJ,6XjDF6nds4DE2BBbagZol6,2024-02-02,['reggaeton chileno']
1252,Hot to Go!,Chappell Roan,3j6CeoBBlm40Msn1JE1SPD,2023-09-21,[]
1253,All I Want for Christmas Is You,Mariah Carey,0bYg9bo50gSsH3LtXe2SQn,1994-10-28,['christmas']
1254,Get It Sexyy,Sexyy Red,6UmKnXmG7VmYqFnmSPOfRj,2024-05-24,[]
1255,Made for Me,Muni Long,0WIv5qV41y6YjjB9V1biuC,2023-09-15,[]
1256,Vampire,Olivia Rodrigo,1kuGVB7EU95pJObxwvfwKS,2023-09-08,[]
1257,Whatever She Wants,Bryson Tiller,57wp7VFnV8X0pSVnYArGeJ,2024-02-13,['r&b']
1258,Rockin' Around the Christmas Tree,Brenda Lee,2EjXfH91m7f8HiJN1yQg97,1964-10-19,['christmas']
1259,Pretty Little Poison,Warren Zeiders,0MIp9iBm1V41ERxkZnmSUG,2023-08-10,['country']
1260,First Person Shooter,Drake,7aqfrAY2p9BUSiupwk3svU,2023-10-06,['rap']
1261,Die with a Smile,Lady Gaga & Bruno Mars,2plbrEY59IikOBgBGLjaoe,2024-08-16,"['art pop', 'pop']"
1262,I Like the Way You Kiss Me,Artemas,2GxrNKugF82CnoRFbQfzPf,2024-03-19,[]
1263,Need a Favor,Jelly Roll,07on0OB2cdPt79IFsgdRUy,2023-06-02,"['country hip hop', 'country']"
1264,Save Me,Jelly Roll,4HMUrFl8y6rQCzEbaGEkcj,2024-07-12,"['rap', 'hip hop']"
1265,Euphoria,Kendrick Lamar,77DRzu7ERs0TX3roZcre7Q,2024-04-30,"['hip hop', 'west coast hip hop']"
1266,Truck Bed,Hardy,6CThut6kPrjot0pTJOTEer,2023-01-20,"['country', 'country rock']"
1267,Jingle Bell Rock,Bobby Helms,7vQbuQcyTflfCIOu3Uzzya,1957-12-02,['christmas']
1268,Flowers,Miley Cyrus,7DSAEUvxU8FajXtRloy8M0,2023-08-18,[]
1269,Where the Wild Things Are,Luke Combs,0eBFgRxyVSeuT4iyrbukdn,2023-03-24,['country']
1270,Everybody,Nicki Minaj,5ZJGv7aGdIr9IGpxzSG18T,2023-12-08,[]
1271,La Diabla,Xavi,1MGm3zOE0Ql0WWcU5ZvjOx,2024-10-11,"['corridos tumbados', 'corrido', 'corridos bélicos', 'sad sierreño', 'música mexicana', 'banda']"
1272,Stargazing,Myles Smith,3Vr3zh0r7ALn8VLqCiRR10,2024-05-10,[]
1273,Last Christmas,Wham!,2FRnf9qhLbvw8fu4IBXx78,1984-11-29,['christmas']
1274,I Am Not Okay,Jelly Roll,3SaS0Va6o6jYkWvadT86C6,2024-10-10,"['country hip hop', 'country']"
1275,Pour Me a Drink,Post Malone,0mNzElhEofvgMWAJoOA4q9,2024-08-15,[]
1276,White Horse,Chris Stapleton,1DgtQlVNotingln271ZKCx,2023-11-10,['country']
1277,Lil Boo Thang,Paul Russell,0cVyQfDyRnMJ0V3rjjdlU3,2023-08-18,[]
1278,Good Good,Usher & Summer Walker & 21 Savage,0J1YRLYhTG1MBosjidD7OI,2023-08-04,['r&b']
1279,Act II: Date @ 8,4Batz & Drake,3QS9ZCtoSCJhmaJ7QNXSAS,2024-03-08,[]
1280,High Road,Koe Wetzel,73KAidtqbDftZjy8AD0H04,2024-06-07,"['red dirt', 'texas country', 'country', 'country rock']"
1281,Monaco,Bad Bunny,4MjDJD8cW7iVeWInc2Bdyj,2023-10-13,"['reggaeton', 'trap latino', 'urbano latino', 'latin']"
1282,IDGAF,Drake,2YSzYUF3jWqb9YP9VXmpjE,2023-10-06,['rap']
1283,Burn It Down,Parker McCollum,09hVlIVHtEE1nLUv6YGZiW,2023-05-12,"['texas country', 'red dirt', 'country']"
1284,FukUMean,Gunna,4rXLjWdF2ZZpXCVTfWcshS,2023-06-16,['melodic rap']
1285,Taste,Sabrina Carpenter,5G2f63n7IPVPPjfNIGih7Q,2024-08-23,[]
1286,Where It Ends,Bailey Zimmerman,0wXThIDxO3YRJCpPgnmbkw,2023-01-11,['country']
1287,FTCU,Nicki Minaj,1a73gcEg6h6Re6hHXoVltJ,2023-12-08,[]
1288,Wildflower,Billie Eilish,3QaPy1KgI7nu9FJEQUgn6h,2024-05-17,[]
1289,World on Fire,Nate Smith,5ya0TmUQw2wHMkq36rPsnd,2023-04-28,['country']
1290,On My Mama,Victoria Monét,1o8Z7GD1CeOaVBEyuzu4HO,2023-06-16,['alternative r&b']
1291,"Yes, And?",Ariana Grande,5D34wRmbFS29AjtTOP2QJe,2024-03-08,['pop']
1292,Exes,Tate McRae,4E63weMCaNZuGPEFMnuEi8,2023-12-08,[]
1293,A Holly Jolly Christmas,Burl Ives,77khP2fIVhSW23NwxrRluh,1965-10-01,['christmas']
1294,Wind Up Missin' You,Tucker Wetmore,3EO58D1YpHnTvBy68gK8HE,2024-10-04,['country']
1295,Bulletproof,Nate Smith,3Hns0fETEXY84fGjboAbT7,2024-05-16,['country']
1296,Fe!n,Travis Scott,42VsgItocQwOQC3XWZ8JNA,2023-07-28,['rap']
1297,The Painter,Cody Johnson,6UoKX6uLJwhsnyTp5k5StP,2023-08-11,"['texas country', 'country', 'red dirt']"
1298,Down Bad,Taylor Swift,2F3N9tdombb64aW6VtZOdo,2024-04-18,[]
1299,Dance the Night,Dua Lipa,1vYXt7VSjH9JIM5oRRo7vA,2023-05-25,['pop']
